IDCJAC0009,070351,2008,01,01,,,
IDCJAC0009,070351,2008,01,02,,,
IDCJAC0009,070351,2008,01,03,,,
IDCJAC0009,070351,2008,01,04,,,
IDCJAC0009,070351,2008,01,05,,,
IDCJAC0009,070351,2008,01,06,,,
IDCJAC0009,070351,2008,01,07,,,
IDCJAC0009,070351,2008,01,08,,,
IDCJAC0009,070351,2008,01,09,,,
IDCJAC0009,070351,2008,01,10,,,
IDCJAC0009,070351,2008,01,11,,,
IDCJAC0009,070351,2008,01,12,,,
IDCJAC0009,070351,2008,01,13,,,
IDCJAC0009,070351,2008,01,14,,,
IDCJAC0009,070351,2008,01,15,,,
IDCJAC0009,070351,2008,01,16,,,
IDCJAC0009,070351,2008,01,17,,,
IDCJAC0009,070351,2008,01,18,,,
IDCJAC0009,070351,2008,01,19,,,
IDCJAC0009,070351,2008,01,20,,,
IDCJAC0009,070351,2008,01,21,,,
IDCJAC0009,070351,2008,01,22,,,
IDCJAC0009,070351,2008,01,23,,,
IDCJAC0009,070351,2008,01,24,,,
IDCJAC0009,070351,2008,01,25,,,
IDCJAC0009,070351,2008,01,26,,,
IDCJAC0009,070351,2008,01,27,,,
IDCJAC0009,070351,2008,01,28,,,
IDCJAC0009,070351,2008,01,29,,,
IDCJAC0009,070351,2008,01,30,,,
IDCJAC0009,070351,2008,01,31,,,
IDCJAC0009,070351,2008,02,01,,,
IDCJAC0009,070351,2008,02,02,,,
IDCJAC0009,070351,2008,02,03,,,
IDCJAC0009,070351,2008,02,04,,,
IDCJAC0009,070351,2008,02,05,,,
IDCJAC0009,070351,2008,02,06,,,
IDCJAC0009,070351,2008,02,07,,,
IDCJAC0009,070351,2008,02,08,,,
IDCJAC0009,070351,2008,02,09,,,
IDCJAC0009,070351,2008,02,10,,,
IDCJAC0009,070351,2008,02,11,,,
IDCJAC0009,070351,2008,02,12,,,
IDCJAC0009,070351,2008,02,13,,,
IDCJAC0009,070351,2008,02,14,,,
IDCJAC0009,070351,2008,02,15,,,
IDCJAC0009,070351,2008,02,16,,,
IDCJAC0009,070351,2008,02,17,,,
IDCJAC0009,070351,2008,02,18,,,
IDCJAC0009,070351,2008,02,19,,,
IDCJAC0009,070351,2008,02,20,,,
IDCJAC0009,070351,2008,02,21,,,
IDCJAC0009,070351,2008,02,22,,,
IDCJAC0009,070351,2008,02,23,,,
IDCJAC0009,070351,2008,02,24,,,
IDCJAC0009,070351,2008,02,25,,,
IDCJAC0009,070351,2008,02,26,,,
IDCJAC0009,070351,2008,02,27,,,
IDCJAC0009,070351,2008,02,28,,,
IDCJAC0009,070351,2008,02,29,,,
IDCJAC0009,070351,2008,03,01,,,
IDCJAC0009,070351,2008,03,02,,,
IDCJAC0009,070351,2008,03,03,,,
IDCJAC0009,070351,2008,03,04,,,
IDCJAC0009,070351,2008,03,05,,,
IDCJAC0009,070351,2008,03,06,,,
IDCJAC0009,070351,2008,03,07,,,
IDCJAC0009,070351,2008,03,08,,,
IDCJAC0009,070351,2008,03,09,,,
IDCJAC0009,070351,2008,03,10,,,
IDCJAC0009,070351,2008,03,11,,,
IDCJAC0009,070351,2008,03,12,,,
IDCJAC0009,070351,2008,03,13,,,
IDCJAC0009,070351,2008,03,14,,,
IDCJAC0009,070351,2008,03,15,,,
IDCJAC0009,070351,2008,03,16,,,
IDCJAC0009,070351,2008,03,17,,,
IDCJAC0009,070351,2008,03,18,,,
IDCJAC0009,070351,2008,03,19,,,
IDCJAC0009,070351,2008,03,20,,,
IDCJAC0009,070351,2008,03,21,,,
IDCJAC0009,070351,2008,03,22,,,
IDCJAC0009,070351,2008,03,23,,,
IDCJAC0009,070351,2008,03,24,,,
IDCJAC0009,070351,2008,03,25,,,
IDCJAC0009,070351,2008,03,26,,,
IDCJAC0009,070351,2008,03,27,,,
IDCJAC0009,070351,2008,03,28,,,
IDCJAC0009,070351,2008,03,29,,,
IDCJAC0009,070351,2008,03,30,,,
IDCJAC0009,070351,2008,03,31,,,
IDCJAC0009,070351,2008,04,01,,,
IDCJAC0009,070351,2008,04,02,,,
IDCJAC0009,070351,2008,04,03,,,
IDCJAC0009,070351,2008,04,04,,,
IDCJAC0009,070351,2008,04,05,,,
IDCJAC0009,070351,2008,04,06,,,
IDCJAC0009,070351,2008,04,07,,,
IDCJAC0009,070351,2008,04,08,,,
IDCJAC0009,070351,2008,04,09,,,
IDCJAC0009,070351,2008,04,10,,,
IDCJAC0009,070351,2008,04,11,,,
IDCJAC0009,070351,2008,04,12,,,
IDCJAC0009,070351,2008,04,13,,,
IDCJAC0009,070351,2008,04,14,,,
IDCJAC0009,070351,2008,04,15,,,
IDCJAC0009,070351,2008,04,16,,,
IDCJAC0009,070351,2008,04,17,,,
IDCJAC0009,070351,2008,04,18,,,
IDCJAC0009,070351,2008,04,19,,,
IDCJAC0009,070351,2008,04,20,,,
IDCJAC0009,070351,2008,04,21,,,
IDCJAC0009,070351,2008,04,22,,,
IDCJAC0009,070351,2008,04,23,,,
IDCJAC0009,070351,2008,04,24,,,
IDCJAC0009,070351,2008,04,25,,,
IDCJAC0009,070351,2008,04,26,,,
IDCJAC0009,070351,2008,04,27,,,
IDCJAC0009,070351,2008,04,28,,,
IDCJAC0009,070351,2008,04,29,,,
IDCJAC0009,070351,2008,04,30,,,
IDCJAC0009,070351,2008,05,01,,,
IDCJAC0009,070351,2008,05,02,,,
IDCJAC0009,070351,2008,05,03,,,
IDCJAC0009,070351,2008,05,04,,,
IDCJAC0009,070351,2008,05,05,,,
IDCJAC0009,070351,2008,05,06,,,
IDCJAC0009,070351,2008,05,07,,,
IDCJAC0009,070351,2008,05,08,,,
IDCJAC0009,070351,2008,05,09,,,
IDCJAC0009,070351,2008,05,10,,,
IDCJAC0009,070351,2008,05,11,,,
IDCJAC0009,070351,2008,05,12,,,
IDCJAC0009,070351,2008,05,13,,,
IDCJAC0009,070351,2008,05,14,,,
IDCJAC0009,070351,2008,05,15,,,
IDCJAC0009,070351,2008,05,16,,,
IDCJAC0009,070351,2008,05,17,,,
IDCJAC0009,070351,2008,05,18,,,
IDCJAC0009,070351,2008,05,19,,,
IDCJAC0009,070351,2008,05,20,,,
IDCJAC0009,070351,2008,05,21,,,
IDCJAC0009,070351,2008,05,22,,,
IDCJAC0009,070351,2008,05,23,,,
IDCJAC0009,070351,2008,05,24,,,
IDCJAC0009,070351,2008,05,25,,,
IDCJAC0009,070351,2008,05,26,,,
IDCJAC0009,070351,2008,05,27,,,
IDCJAC0009,070351,2008,05,28,,,
IDCJAC0009,070351,2008,05,29,,,
IDCJAC0009,070351,2008,05,30,,,
IDCJAC0009,070351,2008,05,31,,,
IDCJAC0009,070351,2008,06,01,,,
IDCJAC0009,070351,2008,06,02,,,
IDCJAC0009,070351,2008,06,03,,,
IDCJAC0009,070351,2008,06,04,,,
IDCJAC0009,070351,2008,06,05,,,
IDCJAC0009,070351,2008,06,06,,,
IDCJAC0009,070351,2008,06,07,,,
IDCJAC0009,070351,2008,06,08,,,
IDCJAC0009,070351,2008,06,09,,,
IDCJAC0009,070351,2008,06,10,,,
IDCJAC0009,070351,2008,06,11,,,
IDCJAC0009,070351,2008,06,12,,,
IDCJAC0009,070351,2008,06,13,,,
IDCJAC0009,070351,2008,06,14,,,
IDCJAC0009,070351,2008,06,15,,,
IDCJAC0009,070351,2008,06,16,,,
IDCJAC0009,070351,2008,06,17,,,
IDCJAC0009,070351,2008,06,18,,,
IDCJAC0009,070351,2008,06,19,,,
IDCJAC0009,070351,2008,06,20,,,
IDCJAC0009,070351,2008,06,21,,,
IDCJAC0009,070351,2008,06,22,,,
IDCJAC0009,070351,2008,06,23,,,
IDCJAC0009,070351,2008,06,24,,,
IDCJAC0009,070351,2008,06,25,,,
IDCJAC0009,070351,2008,06,26,,,
IDCJAC0009,070351,2008,06,27,,,
IDCJAC0009,070351,2008,06,28,,,
IDCJAC0009,070351,2008,06,29,,,
IDCJAC0009,070351,2008,06,30,,,
IDCJAC0009,070351,2008,07,01,,,
IDCJAC0009,070351,2008,07,02,,,
IDCJAC0009,070351,2008,07,03,,,
IDCJAC0009,070351,2008,07,04,,,
IDCJAC0009,070351,2008,07,05,,,
IDCJAC0009,070351,2008,07,06,,,
IDCJAC0009,070351,2008,07,07,,,
IDCJAC0009,070351,2008,07,08,,,
IDCJAC0009,070351,2008,07,09,,,
IDCJAC0009,070351,2008,07,10,,,
IDCJAC0009,070351,2008,07,11,,,
IDCJAC0009,070351,2008,07,12,,,
IDCJAC0009,070351,2008,07,13,,,
IDCJAC0009,070351,2008,07,14,,,
IDCJAC0009,070351,2008,07,15,,,
IDCJAC0009,070351,2008,07,16,,,
IDCJAC0009,070351,2008,07,17,,,
IDCJAC0009,070351,2008,07,18,,,
IDCJAC0009,070351,2008,07,19,,,
IDCJAC0009,070351,2008,07,20,,,
IDCJAC0009,070351,2008,07,21,,,
IDCJAC0009,070351,2008,07,22,,,
IDCJAC0009,070351,2008,07,23,,,
IDCJAC0009,070351,2008,07,24,,,
IDCJAC0009,070351,2008,07,25,,,
IDCJAC0009,070351,2008,07,26,,,
IDCJAC0009,070351,2008,07,27,,,
IDCJAC0009,070351,2008,07,28,,,
IDCJAC0009,070351,2008,07,29,,,
IDCJAC0009,070351,2008,07,30,,,
IDCJAC0009,070351,2008,07,31,,,
IDCJAC0009,070351,2008,08,01,,,
IDCJAC0009,070351,2008,08,02,,,
IDCJAC0009,070351,2008,08,03,,,
IDCJAC0009,070351,2008,08,04,,,
IDCJAC0009,070351,2008,08,05,,,
IDCJAC0009,070351,2008,08,06,,,
IDCJAC0009,070351,2008,08,07,,,
IDCJAC0009,070351,2008,08,08,,,
IDCJAC0009,070351,2008,08,09,,,
IDCJAC0009,070351,2008,08,10,,,
IDCJAC0009,070351,2008,08,11,,,
IDCJAC0009,070351,2008,08,12,,,
IDCJAC0009,070351,2008,08,13,,,
IDCJAC0009,070351,2008,08,14,,,
IDCJAC0009,070351,2008,08,15,,,
IDCJAC0009,070351,2008,08,16,,,
IDCJAC0009,070351,2008,08,17,,,
IDCJAC0009,070351,2008,08,18,,,
IDCJAC0009,070351,2008,08,19,,,
IDCJAC0009,070351,2008,08,20,,,
IDCJAC0009,070351,2008,08,21,,,
IDCJAC0009,070351,2008,08,22,,,
IDCJAC0009,070351,2008,08,23,,,
IDCJAC0009,070351,2008,08,24,,,
IDCJAC0009,070351,2008,08,25,,,
IDCJAC0009,070351,2008,08,26,,,
IDCJAC0009,070351,2008,08,27,,,
IDCJAC0009,070351,2008,08,28,,,
IDCJAC0009,070351,2008,08,29,,,
IDCJAC0009,070351,2008,08,30,,,
IDCJAC0009,070351,2008,08,31,,,
IDCJAC0009,070351,2008,09,01,,,
IDCJAC0009,070351,2008,09,02,,,
IDCJAC0009,070351,2008,09,03,,,
IDCJAC0009,070351,2008,09,04,,,
IDCJAC0009,070351,2008,09,05,,,
IDCJAC0009,070351,2008,09,06,,,
IDCJAC0009,070351,2008,09,07,,,
IDCJAC0009,070351,2008,09,08,,,
IDCJAC0009,070351,2008,09,09,,,
IDCJAC0009,070351,2008,09,10,,,
IDCJAC0009,070351,2008,09,11,,,
IDCJAC0009,070351,2008,09,12,,,
IDCJAC0009,070351,2008,09,13,,,
IDCJAC0009,070351,2008,09,14,,,
IDCJAC0009,070351,2008,09,15,,,
IDCJAC0009,070351,2008,09,16,,,
IDCJAC0009,070351,2008,09,17,,,
IDCJAC0009,070351,2008,09,18,,,
IDCJAC0009,070351,2008,09,19,0.0,1,N
IDCJAC0009,070351,2008,09,20,0.0,1,N
IDCJAC0009,070351,2008,09,21,0.0,1,N
IDCJAC0009,070351,2008,09,22,0.0,1,N
IDCJAC0009,070351,2008,09,23,13.2,1,N
IDCJAC0009,070351,2008,09,24,0.0,1,N
IDCJAC0009,070351,2008,09,25,0.0,1,N
IDCJAC0009,070351,2008,09,26,0.0,1,N
IDCJAC0009,070351,2008,09,27,0.0,1,N
IDCJAC0009,070351,2008,09,28,0.0,1,N
IDCJAC0009,070351,2008,09,29,0.0,1,N
IDCJAC0009,070351,2008,09,30,0.0,1,N
IDCJAC0009,070351,2008,10,01,0.0,1,N
IDCJAC0009,070351,2008,10,02,0.0,1,N
IDCJAC0009,070351,2008,10,03,0.0,1,N
IDCJAC0009,070351,2008,10,04,6.6,1,N
IDCJAC0009,070351,2008,10,05,2.6,1,N
IDCJAC0009,070351,2008,10,06,0.0,1,N
IDCJAC0009,070351,2008,10,07,5.6,1,N
IDCJAC0009,070351,2008,10,08,0.0,1,N
IDCJAC0009,070351,2008,10,09,0.0,1,N
IDCJAC0009,070351,2008,10,10,0.0,1,N
IDCJAC0009,070351,2008,10,11,0.0,1,N
IDCJAC0009,070351,2008,10,12,0.0,1,N
IDCJAC0009,070351,2008,10,13,0.0,1,N
IDCJAC0009,070351,2008,10,14,11.4,1,N
IDCJAC0009,070351,2008,10,15,0.4,1,N
IDCJAC0009,070351,2008,10,16,0.0,1,N
IDCJAC0009,070351,2008,10,17,0.0,1,N
IDCJAC0009,070351,2008,10,18,0.0,1,N
IDCJAC0009,070351,2008,10,19,0.0,1,N
IDCJAC0009,070351,2008,10,20,0.0,1,N
IDCJAC0009,070351,2008,10,21,0.0,1,N
IDCJAC0009,070351,2008,10,22,0.8,1,N
IDCJAC0009,070351,2008,10,23,0.0,1,N
IDCJAC0009,070351,2008,10,24,0.0,1,N
IDCJAC0009,070351,2008,10,25,0.0,1,N
IDCJAC0009,070351,2008,10,26,0.0,1,N
IDCJAC0009,070351,2008,10,27,0.0,1,N
IDCJAC0009,070351,2008,10,28,0.0,1,N
IDCJAC0009,070351,2008,10,29,0.0,1,N
IDCJAC0009,070351,2008,10,30,,,
IDCJAC0009,070351,2008,10,31,,,
IDCJAC0009,070351,2008,11,01,0.0,,Y
IDCJAC0009,070351,2008,11,02,0.0,,Y
IDCJAC0009,070351,2008,11,03,13.0,1,Y
IDCJAC0009,070351,2008,11,04,0.0,,Y
IDCJAC0009,070351,2008,11,05,0.0,,Y
IDCJAC0009,070351,2008,11,06,0.0,,Y
IDCJAC0009,070351,2008,11,07,0.0,,Y
IDCJAC0009,070351,2008,11,08,6.6,1,Y
IDCJAC0009,070351,2008,11,09,0.0,,Y
IDCJAC0009,070351,2008,11,10,0.0,,Y
IDCJAC0009,070351,2008,11,11,0.0,,Y
IDCJAC0009,070351,2008,11,12,0.0,,Y
IDCJAC0009,070351,2008,11,13,0.0,,Y
IDCJAC0009,070351,2008,11,14,0.0,,Y
IDCJAC0009,070351,2008,11,15,3.0,1,Y
IDCJAC0009,070351,2008,11,16,0.0,,Y
IDCJAC0009,070351,2008,11,17,0.0,,Y
IDCJAC0009,070351,2008,11,18,0.0,,Y
IDCJAC0009,070351,2008,11,19,0.0,,Y
IDCJAC0009,070351,2008,11,20,10.4,1,Y
IDCJAC0009,070351,2008,11,21,0.4,1,Y
IDCJAC0009,070351,2008,11,22,2.8,1,Y
IDCJAC0009,070351,2008,11,23,13.0,1,Y
IDCJAC0009,070351,2008,11,24,2.8,1,Y
IDCJAC0009,070351,2008,11,25,0.0,,Y
IDCJAC0009,070351,2008,11,26,0.0,,Y
IDCJAC0009,070351,2008,11,27,0.0,,Y
IDCJAC0009,070351,2008,11,28,,,
IDCJAC0009,070351,2008,11,29,12.2,2,Y
IDCJAC0009,070351,2008,11,30,3.4,1,Y
IDCJAC0009,070351,2008,12,01,0.0,,Y
IDCJAC0009,070351,2008,12,02,0.0,,Y
IDCJAC0009,070351,2008,12,03,0.0,,Y
IDCJAC0009,070351,2008,12,04,0.0,,Y
IDCJAC0009,070351,2008,12,05,0.2,1,Y
IDCJAC0009,070351,2008,12,06,0.2,1,Y
IDCJAC0009,070351,2008,12,07,0.0,,Y
IDCJAC0009,070351,2008,12,08,0.0,,Y
IDCJAC0009,070351,2008,12,09,0.0,,Y
IDCJAC0009,070351,2008,12,10,0.0,,Y
IDCJAC0009,070351,2008,12,11,0.0,,Y
IDCJAC0009,070351,2008,12,12,,,
IDCJAC0009,070351,2008,12,13,59.2,2,Y
IDCJAC0009,070351,2008,12,14,0.0,,Y
IDCJAC0009,070351,2008,12,15,0.0,,Y
IDCJAC0009,070351,2008,12,16,0.0,,Y
IDCJAC0009,070351,2008,12,17,0.0,,Y
IDCJAC0009,070351,2008,12,18,8.4,1,Y
IDCJAC0009,070351,2008,12,19,0.6,1,Y
IDCJAC0009,070351,2008,12,20,0.0,,Y
IDCJAC0009,070351,2008,12,21,0.0,,Y
IDCJAC0009,070351,2008,12,22,0.0,,Y
IDCJAC0009,070351,2008,12,23,0.4,1,Y
IDCJAC0009,070351,2008,12,24,21.6,1,Y
IDCJAC0009,070351,2008,12,25,0.0,,Y
IDCJAC0009,070351,2008,12,26,0.0,,Y
IDCJAC0009,070351,2008,12,27,0.0,,Y
IDCJAC0009,070351,2008,12,28,30.6,1,Y
IDCJAC0009,070351,2008,12,29,0.0,,Y
IDCJAC0009,070351,2008,12,30,0.0,,Y
IDCJAC0009,070351,2008,12,31,0.0,,Y
IDCJAC0009,070351,2009,01,01,0.0,,Y
IDCJAC0009,070351,2009,01,02,0.0,,Y
IDCJAC0009,070351,2009,01,03,0.0,,Y
IDCJAC0009,070351,2009,01,04,0.0,,Y
IDCJAC0009,070351,2009,01,05,0.0,,Y
IDCJAC0009,070351,2009,01,06,0.0,,Y
IDCJAC0009,070351,2009,01,07,0.0,,Y
IDCJAC0009,070351,2009,01,08,0.0,,Y
IDCJAC0009,070351,2009,01,09,0.0,,Y
IDCJAC0009,070351,2009,01,10,0.0,,Y
IDCJAC0009,070351,2009,01,11,0.0,,Y
IDCJAC0009,070351,2009,01,12,2.0,1,Y
IDCJAC0009,070351,2009,01,13,0.0,,Y
IDCJAC0009,070351,2009,01,14,0.0,,Y
IDCJAC0009,070351,2009,01,15,0.0,,Y
IDCJAC0009,070351,2009,01,16,0.0,,Y
IDCJAC0009,070351,2009,01,17,0.0,,Y
IDCJAC0009,070351,2009,01,18,0.0,,Y
IDCJAC0009,070351,2009,01,19,0.0,,Y
IDCJAC0009,070351,2009,01,20,0.0,,Y
IDCJAC0009,070351,2009,01,21,16.2,1,Y
IDCJAC0009,070351,2009,01,22,0.0,,Y
IDCJAC0009,070351,2009,01,23,15.6,1,Y
IDCJAC0009,070351,2009,01,24,9.2,1,Y
IDCJAC0009,070351,2009,01,25,0.0,,Y
IDCJAC0009,070351,2009,01,26,0.0,,Y
IDCJAC0009,070351,2009,01,27,0.0,,Y
IDCJAC0009,070351,2009,01,28,0.0,,Y
IDCJAC0009,070351,2009,01,29,0.0,,Y
IDCJAC0009,070351,2009,01,30,0.0,,Y
IDCJAC0009,070351,2009,01,31,0.0,,Y
IDCJAC0009,070351,2009,02,01,0.0,,Y
IDCJAC0009,070351,2009,02,02,0.0,,Y
IDCJAC0009,070351,2009,02,03,0.6,1,Y
IDCJAC0009,070351,2009,02,04,0.0,,Y
IDCJAC0009,070351,2009,02,05,0.0,,Y
IDCJAC0009,070351,2009,02,06,0.0,,Y
IDCJAC0009,070351,2009,02,07,0.0,,Y
IDCJAC0009,070351,2009,02,08,0.0,,Y
IDCJAC0009,070351,2009,02,09,0.0,,Y
IDCJAC0009,070351,2009,02,10,0.0,,Y
IDCJAC0009,070351,2009,02,11,0.0,,Y
IDCJAC0009,070351,2009,02,12,0.2,1,Y
IDCJAC0009,070351,2009,02,13,4.2,1,Y
IDCJAC0009,070351,2009,02,14,0.0,,Y
IDCJAC0009,070351,2009,02,15,0.4,1,Y
IDCJAC0009,070351,2009,02,16,0.6,1,Y
IDCJAC0009,070351,2009,02,17,0.0,,Y
IDCJAC0009,070351,2009,02,18,0.0,,Y
IDCJAC0009,070351,2009,02,19,0.0,,Y
IDCJAC0009,070351,2009,02,20,0.0,,Y
IDCJAC0009,070351,2009,02,21,0.0,,Y
IDCJAC0009,070351,2009,02,22,0.0,,Y
IDCJAC0009,070351,2009,02,23,0.0,,Y
IDCJAC0009,070351,2009,02,24,1.2,1,Y
IDCJAC0009,070351,2009,02,25,0.0,,Y
IDCJAC0009,070351,2009,02,26,0.0,,Y
IDCJAC0009,070351,2009,02,27,0.0,,Y
IDCJAC0009,070351,2009,02,28,0.0,,Y
IDCJAC0009,070351,2009,03,01,0.0,,Y
IDCJAC0009,070351,2009,03,02,0.0,,Y
IDCJAC0009,070351,2009,03,03,0.0,,Y
IDCJAC0009,070351,2009,03,04,0.2,1,Y
IDCJAC0009,070351,2009,03,05,0.0,,Y
IDCJAC0009,070351,2009,03,06,0.0,,Y
IDCJAC0009,070351,2009,03,07,0.0,,Y
IDCJAC0009,070351,2009,03,08,0.0,,Y
IDCJAC0009,070351,2009,03,09,0.0,,Y
IDCJAC0009,070351,2009,03,10,0.0,,Y
IDCJAC0009,070351,2009,03,11,0.0,,Y
IDCJAC0009,070351,2009,03,12,0.0,,Y
IDCJAC0009,070351,2009,03,13,0.0,,Y
IDCJAC0009,070351,2009,03,14,0.0,,Y
IDCJAC0009,070351,2009,03,15,9.6,1,Y
IDCJAC0009,070351,2009,03,16,0.0,,Y
IDCJAC0009,070351,2009,03,17,0.0,,Y
IDCJAC0009,070351,2009,03,18,0.0,,Y
IDCJAC0009,070351,2009,03,19,0.0,,Y
IDCJAC0009,070351,2009,03,20,0.0,,Y
IDCJAC0009,070351,2009,03,21,0.0,,Y
IDCJAC0009,070351,2009,03,22,0.0,,Y
IDCJAC0009,070351,2009,03,23,0.0,,Y
IDCJAC0009,070351,2009,03,24,0.0,,Y
IDCJAC0009,070351,2009,03,25,0.0,,Y
IDCJAC0009,070351,2009,03,26,0.0,,Y
IDCJAC0009,070351,2009,03,27,0.4,1,Y
IDCJAC0009,070351,2009,03,28,0.0,,Y
IDCJAC0009,070351,2009,03,29,0.0,,Y
IDCJAC0009,070351,2009,03,30,0.0,,Y
IDCJAC0009,070351,2009,03,31,0.0,,Y
IDCJAC0009,070351,2009,04,01,0.4,1,Y
IDCJAC0009,070351,2009,04,02,1.8,1,Y
IDCJAC0009,070351,2009,04,03,0.0,,Y
IDCJAC0009,070351,2009,04,04,16.8,1,Y
IDCJAC0009,070351,2009,04,05,0.0,,Y
IDCJAC0009,070351,2009,04,06,0.0,,Y
IDCJAC0009,070351,2009,04,07,0.0,,Y
IDCJAC0009,070351,2009,04,08,0.0,,Y
IDCJAC0009,070351,2009,04,09,0.0,,Y
IDCJAC0009,070351,2009,04,10,0.2,1,Y
IDCJAC0009,070351,2009,04,11,0.4,1,Y
IDCJAC0009,070351,2009,04,12,5.8,1,Y
IDCJAC0009,070351,2009,04,13,0.0,,Y
IDCJAC0009,070351,2009,04,14,28.0,1,Y
IDCJAC0009,070351,2009,04,15,1.2,1,Y
IDCJAC0009,070351,2009,04,16,0.0,,Y
IDCJAC0009,070351,2009,04,17,0.0,,Y
IDCJAC0009,070351,2009,04,18,0.0,,Y
IDCJAC0009,070351,2009,04,19,0.0,,Y
IDCJAC0009,070351,2009,04,20,0.0,,Y
IDCJAC0009,070351,2009,04,21,0.0,,Y
IDCJAC0009,070351,2009,04,22,0.0,,Y
IDCJAC0009,070351,2009,04,23,0.2,1,Y
IDCJAC0009,070351,2009,04,24,0.0,,Y
IDCJAC0009,070351,2009,04,25,5.6,1,Y
IDCJAC0009,070351,2009,04,26,9.2,1,Y
IDCJAC0009,070351,2009,04,27,2.6,1,Y
IDCJAC0009,070351,2009,04,28,0.4,1,Y
IDCJAC0009,070351,2009,04,29,0.0,,Y
IDCJAC0009,070351,2009,04,30,0.0,,Y
IDCJAC0009,070351,2009,05,01,0.0,,Y
IDCJAC0009,070351,2009,05,02,0.0,,Y
IDCJAC0009,070351,2009,05,03,0.0,,Y
IDCJAC0009,070351,2009,05,04,0.0,,Y
IDCJAC0009,070351,2009,05,05,0.0,,Y
IDCJAC0009,070351,2009,05,06,0.0,,Y
IDCJAC0009,070351,2009,05,07,0.0,,Y
IDCJAC0009,070351,2009,05,08,0.0,,Y
IDCJAC0009,070351,2009,05,09,0.0,,Y
IDCJAC0009,070351,2009,05,10,0.0,,Y
IDCJAC0009,070351,2009,05,11,0.0,,Y
IDCJAC0009,070351,2009,05,12,0.0,,Y
IDCJAC0009,070351,2009,05,13,0.0,,Y
IDCJAC0009,070351,2009,05,14,0.0,,Y
IDCJAC0009,070351,2009,05,15,0.0,,Y
IDCJAC0009,070351,2009,05,16,1.6,1,Y
IDCJAC0009,070351,2009,05,17,0.0,,Y
IDCJAC0009,070351,2009,05,18,0.0,,Y
IDCJAC0009,070351,2009,05,19,0.0,,Y
IDCJAC0009,070351,2009,05,20,0.0,,Y
IDCJAC0009,070351,2009,05,21,0.0,,Y
IDCJAC0009,070351,2009,05,22,0.4,1,Y
IDCJAC0009,070351,2009,05,23,0.4,1,Y
IDCJAC0009,070351,2009,05,24,0.0,,Y
IDCJAC0009,070351,2009,05,25,0.0,,Y
IDCJAC0009,070351,2009,05,26,0.0,,Y
IDCJAC0009,070351,2009,05,27,0.0,,Y
IDCJAC0009,070351,2009,05,28,0.0,,Y
IDCJAC0009,070351,2009,05,29,0.0,,Y
IDCJAC0009,070351,2009,05,30,0.0,,Y
IDCJAC0009,070351,2009,05,31,0.2,1,Y
IDCJAC0009,070351,2009,06,01,0.8,1,Y
IDCJAC0009,070351,2009,06,02,0.0,,Y
IDCJAC0009,070351,2009,06,03,1.6,1,Y
IDCJAC0009,070351,2009,06,04,8.0,1,Y
IDCJAC0009,070351,2009,06,05,2.2,1,Y
IDCJAC0009,070351,2009,06,06,1.0,1,Y
IDCJAC0009,070351,2009,06,07,0.8,1,Y
IDCJAC0009,070351,2009,06,08,1.8,1,Y
IDCJAC0009,070351,2009,06,09,0.2,1,Y
IDCJAC0009,070351,2009,06,10,2.0,1,Y
IDCJAC0009,070351,2009,06,11,0.0,,Y
IDCJAC0009,070351,2009,06,12,0.0,,Y
IDCJAC0009,070351,2009,06,13,0.0,,Y
IDCJAC0009,070351,2009,06,14,0.2,1,Y
IDCJAC0009,070351,2009,06,15,0.2,1,Y
IDCJAC0009,070351,2009,06,16,0.0,,Y
IDCJAC0009,070351,2009,06,17,0.0,,Y
IDCJAC0009,070351,2009,06,18,0.0,,Y
IDCJAC0009,070351,2009,06,19,0.0,,Y
IDCJAC0009,070351,2009,06,20,0.0,,Y
IDCJAC0009,070351,2009,06,21,12.6,1,Y
IDCJAC0009,070351,2009,06,22,1.0,1,Y
IDCJAC0009,070351,2009,06,23,0.2,1,Y
IDCJAC0009,070351,2009,06,24,1.0,1,Y
IDCJAC0009,070351,2009,06,25,0.2,1,Y
IDCJAC0009,070351,2009,06,26,0.0,,Y
IDCJAC0009,070351,2009,06,27,0.0,,Y
IDCJAC0009,070351,2009,06,28,1.2,1,Y
IDCJAC0009,070351,2009,06,29,0.0,,Y
IDCJAC0009,070351,2009,06,30,0.0,,Y
IDCJAC0009,070351,2009,07,01,9.6,1,Y
IDCJAC0009,070351,2009,07,02,0.6,1,Y
IDCJAC0009,070351,2009,07,03,3.4,1,Y
IDCJAC0009,070351,2009,07,04,0.0,,Y
IDCJAC0009,070351,2009,07,05,0.0,,Y
IDCJAC0009,070351,2009,07,06,0.0,,Y
IDCJAC0009,070351,2009,07,07,0.2,1,Y
IDCJAC0009,070351,2009,07,08,0.0,,Y
IDCJAC0009,070351,2009,07,09,0.0,,Y
IDCJAC0009,070351,2009,07,10,0.0,,Y
IDCJAC0009,070351,2009,07,11,0.0,,Y
IDCJAC0009,070351,2009,07,12,0.0,,Y
IDCJAC0009,070351,2009,07,13,0.0,,Y
IDCJAC0009,070351,2009,07,14,0.0,,Y
IDCJAC0009,070351,2009,07,15,0.0,,Y
IDCJAC0009,070351,2009,07,16,0.0,,Y
IDCJAC0009,070351,2009,07,17,0.0,,Y
IDCJAC0009,070351,2009,07,18,0.0,,Y
IDCJAC0009,070351,2009,07,19,0.0,,Y
IDCJAC0009,070351,2009,07,20,0.0,,Y
IDCJAC0009,070351,2009,07,21,0.0,,Y
IDCJAC0009,070351,2009,07,22,0.0,,Y
IDCJAC0009,070351,2009,07,23,7.4,1,Y
IDCJAC0009,070351,2009,07,24,3.0,1,Y
IDCJAC0009,070351,2009,07,25,0.2,1,Y
IDCJAC0009,070351,2009,07,26,0.0,,Y
IDCJAC0009,070351,2009,07,27,6.2,1,Y
IDCJAC0009,070351,2009,07,28,0.0,,Y
IDCJAC0009,070351,2009,07,29,0.0,,Y
IDCJAC0009,070351,2009,07,30,0.0,,Y
IDCJAC0009,070351,2009,07,31,0.0,,Y
IDCJAC0009,070351,2009,08,01,0.0,,Y
IDCJAC0009,070351,2009,08,02,0.0,,Y
IDCJAC0009,070351,2009,08,03,0.0,,Y
IDCJAC0009,070351,2009,08,04,0.0,,Y
IDCJAC0009,070351,2009,08,05,0.0,,Y
IDCJAC0009,070351,2009,08,06,0.0,,Y
IDCJAC0009,070351,2009,08,07,0.0,,Y
IDCJAC0009,070351,2009,08,08,0.0,,Y
IDCJAC0009,070351,2009,08,09,0.0,,Y
IDCJAC0009,070351,2009,08,10,0.0,,Y
IDCJAC0009,070351,2009,08,11,1.6,1,Y
IDCJAC0009,070351,2009,08,12,11.0,1,Y
IDCJAC0009,070351,2009,08,13,0.2,1,Y
IDCJAC0009,070351,2009,08,14,0.0,,Y
IDCJAC0009,070351,2009,08,15,0.0,,Y
IDCJAC0009,070351,2009,08,16,0.0,,Y
IDCJAC0009,070351,2009,08,17,1.4,1,Y
IDCJAC0009,070351,2009,08,18,0.0,,Y
IDCJAC0009,070351,2009,08,19,0.0,,Y
IDCJAC0009,070351,2009,08,20,0.0,,Y
IDCJAC0009,070351,2009,08,21,0.0,,Y
IDCJAC0009,070351,2009,08,22,11.4,1,Y
IDCJAC0009,070351,2009,08,23,1.6,1,Y
IDCJAC0009,070351,2009,08,24,0.0,,Y
IDCJAC0009,070351,2009,08,25,0.4,1,Y
IDCJAC0009,070351,2009,08,26,1.0,1,Y
IDCJAC0009,070351,2009,08,27,0.0,,Y
IDCJAC0009,070351,2009,08,28,0.0,,Y
IDCJAC0009,070351,2009,08,29,1.6,1,Y
IDCJAC0009,070351,2009,08,30,6.2,1,Y
IDCJAC0009,070351,2009,08,31,0.0,1,Y
IDCJAC0009,070351,2009,09,01,0.4,1,Y
IDCJAC0009,070351,2009,09,02,0.0,,Y
IDCJAC0009,070351,2009,09,03,0.0,,Y
IDCJAC0009,070351,2009,09,04,0.6,1,Y
IDCJAC0009,070351,2009,09,05,0.0,,Y
IDCJAC0009,070351,2009,09,06,0.0,,Y
IDCJAC0009,070351,2009,09,07,5.0,1,Y
IDCJAC0009,070351,2009,09,08,5.2,1,Y
IDCJAC0009,070351,2009,09,09,2.2,1,Y
IDCJAC0009,070351,2009,09,10,0.0,,Y
IDCJAC0009,070351,2009,09,11,0.0,,Y
IDCJAC0009,070351,2009,09,12,0.0,,Y
IDCJAC0009,070351,2009,09,13,0.0,,Y
IDCJAC0009,070351,2009,09,14,0.0,,Y
IDCJAC0009,070351,2009,09,15,0.0,,Y
IDCJAC0009,070351,2009,09,16,0.0,,Y
IDCJAC0009,070351,2009,09,17,0.2,1,Y
IDCJAC0009,070351,2009,09,18,4.8,1,Y
IDCJAC0009,070351,2009,09,19,0.0,,Y
IDCJAC0009,070351,2009,09,20,0.0,,Y
IDCJAC0009,070351,2009,09,21,0.0,,Y
IDCJAC0009,070351,2009,09,22,4.8,1,Y
IDCJAC0009,070351,2009,09,23,27.0,1,Y
IDCJAC0009,070351,2009,09,24,0.0,,Y
IDCJAC0009,070351,2009,09,25,0.0,,Y
IDCJAC0009,070351,2009,09,26,3.4,1,Y
IDCJAC0009,070351,2009,09,27,3.4,1,Y
IDCJAC0009,070351,2009,09,28,0.0,,Y
IDCJAC0009,070351,2009,09,29,0.0,,Y
IDCJAC0009,070351,2009,09,30,0.0,,Y
IDCJAC0009,070351,2009,10,01,0.0,,Y
IDCJAC0009,070351,2009,10,02,0.0,,Y
IDCJAC0009,070351,2009,10,03,7.4,1,Y
IDCJAC0009,070351,2009,10,04,3.0,1,Y
IDCJAC0009,070351,2009,10,05,0.2,1,Y
IDCJAC0009,070351,2009,10,06,4.0,1,Y
IDCJAC0009,070351,2009,10,07,1.2,1,Y
IDCJAC0009,070351,2009,10,08,1.6,1,Y
IDCJAC0009,070351,2009,10,09,0.0,,Y
IDCJAC0009,070351,2009,10,10,0.0,,Y
IDCJAC0009,070351,2009,10,11,0.0,,Y
IDCJAC0009,070351,2009,10,12,1.0,1,Y
IDCJAC0009,070351,2009,10,13,1.8,1,Y
IDCJAC0009,070351,2009,10,14,2.2,1,Y
IDCJAC0009,070351,2009,10,15,0.6,1,Y
IDCJAC0009,070351,2009,10,16,3.0,1,Y
IDCJAC0009,070351,2009,10,17,1.0,1,Y
IDCJAC0009,070351,2009,10,18,3.8,1,Y
IDCJAC0009,070351,2009,10,19,0.0,,Y
IDCJAC0009,070351,2009,10,20,0.0,,Y
IDCJAC0009,070351,2009,10,21,0.0,,Y
IDCJAC0009,070351,2009,10,22,0.0,,Y
IDCJAC0009,070351,2009,10,23,0.0,,Y
IDCJAC0009,070351,2009,10,24,0.0,,Y
IDCJAC0009,070351,2009,10,25,0.0,,Y
IDCJAC0009,070351,2009,10,26,14.0,1,Y
IDCJAC0009,070351,2009,10,27,0.2,1,Y
IDCJAC0009,070351,2009,10,28,0.0,,Y
IDCJAC0009,070351,2009,10,29,0.0,,Y
IDCJAC0009,070351,2009,10,30,0.0,,Y
IDCJAC0009,070351,2009,10,31,0.0,,Y
IDCJAC0009,070351,2009,11,01,0.0,,Y
IDCJAC0009,070351,2009,11,02,0.0,,Y
IDCJAC0009,070351,2009,11,03,0.8,1,Y
IDCJAC0009,070351,2009,11,04,0.0,,Y
IDCJAC0009,070351,2009,11,05,0.0,,Y
IDCJAC0009,070351,2009,11,06,0.0,,Y
IDCJAC0009,070351,2009,11,07,0.0,,Y
IDCJAC0009,070351,2009,11,08,0.0,,Y
IDCJAC0009,070351,2009,11,09,0.0,,Y
IDCJAC0009,070351,2009,11,10,0.0,,Y
IDCJAC0009,070351,2009,11,11,0.0,,Y
IDCJAC0009,070351,2009,11,12,0.0,,Y
IDCJAC0009,070351,2009,11,13,0.0,,Y
IDCJAC0009,070351,2009,11,14,0.0,,Y
IDCJAC0009,070351,2009,11,15,0.0,,Y
IDCJAC0009,070351,2009,11,16,0.0,,Y
IDCJAC0009,070351,2009,11,17,0.0,,Y
IDCJAC0009,070351,2009,11,18,0.0,,Y
IDCJAC0009,070351,2009,11,19,0.0,,Y
IDCJAC0009,070351,2009,11,20,0.0,,Y
IDCJAC0009,070351,2009,11,21,0.8,1,Y
IDCJAC0009,070351,2009,11,22,0.0,,Y
IDCJAC0009,070351,2009,11,23,0.0,,Y
IDCJAC0009,070351,2009,11,24,1.8,1,Y
IDCJAC0009,070351,2009,11,25,0.0,,Y
IDCJAC0009,070351,2009,11,26,0.0,,Y
IDCJAC0009,070351,2009,11,27,10.6,1,Y
IDCJAC0009,070351,2009,11,28,0.0,,Y
IDCJAC0009,070351,2009,11,29,0.0,,Y
IDCJAC0009,070351,2009,11,30,2.2,1,Y
IDCJAC0009,070351,2009,12,01,4.6,1,Y
IDCJAC0009,070351,2009,12,02,0.0,,Y
IDCJAC0009,070351,2009,12,03,0.0,,Y
IDCJAC0009,070351,2009,12,04,0.0,,Y
IDCJAC0009,070351,2009,12,05,0.0,,Y
IDCJAC0009,070351,2009,12,06,0.0,,Y
IDCJAC0009,070351,2009,12,07,0.0,,Y
IDCJAC0009,070351,2009,12,08,0.0,,Y
IDCJAC0009,070351,2009,12,09,12.2,1,Y
IDCJAC0009,070351,2009,12,10,0.0,,Y
IDCJAC0009,070351,2009,12,11,0.0,,Y
IDCJAC0009,070351,2009,12,12,0.0,,Y
IDCJAC0009,070351,2009,12,13,0.0,,Y
IDCJAC0009,070351,2009,12,14,0.0,,Y
IDCJAC0009,070351,2009,12,15,0.0,,Y
IDCJAC0009,070351,2009,12,16,0.0,,Y
IDCJAC0009,070351,2009,12,17,0.0,,Y
IDCJAC0009,070351,2009,12,18,4.4,1,Y
IDCJAC0009,070351,2009,12,19,0.0,,Y
IDCJAC0009,070351,2009,12,20,0.0,,Y
IDCJAC0009,070351,2009,12,21,0.0,,Y
IDCJAC0009,070351,2009,12,22,0.0,,Y
IDCJAC0009,070351,2009,12,23,0.0,,Y
IDCJAC0009,070351,2009,12,24,0.0,,Y
IDCJAC0009,070351,2009,12,25,12.2,1,Y
IDCJAC0009,070351,2009,12,26,28.0,1,Y
IDCJAC0009,070351,2009,12,27,4.8,1,Y
IDCJAC0009,070351,2009,12,28,9.4,1,Y
IDCJAC0009,070351,2009,12,29,0.0,,Y
IDCJAC0009,070351,2009,12,30,0.0,,Y
IDCJAC0009,070351,2009,12,31,0.0,,Y
IDCJAC0009,070351,2010,01,01,0.2,1,Y
IDCJAC0009,070351,2010,01,02,0.0,,Y
IDCJAC0009,070351,2010,01,03,0.0,,Y
IDCJAC0009,070351,2010,01,04,0.0,,Y
IDCJAC0009,070351,2010,01,05,0.0,,Y
IDCJAC0009,070351,2010,01,06,0.0,,Y
IDCJAC0009,070351,2010,01,07,0.0,,Y
IDCJAC0009,070351,2010,01,08,0.0,,Y
IDCJAC0009,070351,2010,01,09,0.0,,Y
IDCJAC0009,070351,2010,01,10,0.0,,Y
IDCJAC0009,070351,2010,01,11,0.0,,Y
IDCJAC0009,070351,2010,01,12,0.0,,Y
IDCJAC0009,070351,2010,01,13,0.0,,Y
IDCJAC0009,070351,2010,01,14,0.0,,Y
IDCJAC0009,070351,2010,01,15,0.0,,Y
IDCJAC0009,070351,2010,01,16,0.0,,Y
IDCJAC0009,070351,2010,01,17,1.8,1,Y
IDCJAC0009,070351,2010,01,18,0.0,,Y
IDCJAC0009,070351,2010,01,19,0.0,,Y
IDCJAC0009,070351,2010,01,20,0.0,,Y
IDCJAC0009,070351,2010,01,21,0.0,,Y
IDCJAC0009,070351,2010,01,22,0.0,,Y
IDCJAC0009,070351,2010,01,23,0.0,,Y
IDCJAC0009,070351,2010,01,24,0.0,,Y
IDCJAC0009,070351,2010,01,25,0.0,,Y
IDCJAC0009,070351,2010,01,26,0.0,,Y
IDCJAC0009,070351,2010,01,27,0.0,,Y
IDCJAC0009,070351,2010,01,28,4.8,1,Y
IDCJAC0009,070351,2010,01,29,0.0,,Y
IDCJAC0009,070351,2010,01,30,0.0,,Y
IDCJAC0009,070351,2010,01,31,0.0,,Y
IDCJAC0009,070351,2010,02,01,0.0,,Y
IDCJAC0009,070351,2010,02,02,0.0,,Y
IDCJAC0009,070351,2010,02,03,0.0,,Y
IDCJAC0009,070351,2010,02,04,0.0,,Y
IDCJAC0009,070351,2010,02,05,3.4,1,Y
IDCJAC0009,070351,2010,02,06,17.6,1,Y
IDCJAC0009,070351,2010,02,07,0.0,,Y
IDCJAC0009,070351,2010,02,08,0.0,,Y
IDCJAC0009,070351,2010,02,09,0.0,,Y
IDCJAC0009,070351,2010,02,10,0.0,,Y
IDCJAC0009,070351,2010,02,11,0.2,1,Y
IDCJAC0009,070351,2010,02,12,0.8,1,Y
IDCJAC0009,070351,2010,02,13,12.8,1,Y
IDCJAC0009,070351,2010,02,14,56.2,1,Y
IDCJAC0009,070351,2010,02,15,35.0,1,Y
IDCJAC0009,070351,2010,02,16,7.2,1,Y
IDCJAC0009,070351,2010,02,17,0.0,,Y
IDCJAC0009,070351,2010,02,18,0.0,,Y
IDCJAC0009,070351,2010,02,19,0.0,,Y
IDCJAC0009,070351,2010,02,20,0.0,,Y
IDCJAC0009,070351,2010,02,21,0.0,,Y
IDCJAC0009,070351,2010,02,22,0.0,,Y
IDCJAC0009,070351,2010,02,23,0.0,,Y
IDCJAC0009,070351,2010,02,24,0.0,,Y
IDCJAC0009,070351,2010,02,25,0.0,,Y
IDCJAC0009,070351,2010,02,26,0.0,,Y
IDCJAC0009,070351,2010,02,27,0.0,,Y
IDCJAC0009,070351,2010,02,28,0.0,,Y
IDCJAC0009,070351,2010,03,01,9.6,1,Y
IDCJAC0009,070351,2010,03,02,0.0,,Y
IDCJAC0009,070351,2010,03,03,0.0,,Y
IDCJAC0009,070351,2010,03,04,0.0,,Y
IDCJAC0009,070351,2010,03,05,0.0,,Y
IDCJAC0009,070351,2010,03,06,13.2,1,Y
IDCJAC0009,070351,2010,03,07,0.0,,Y
IDCJAC0009,070351,2010,03,08,21.8,1,Y
IDCJAC0009,070351,2010,03,09,3.6,1,Y
IDCJAC0009,070351,2010,03,10,0.0,,Y
IDCJAC0009,070351,2010,03,11,0.0,,Y
IDCJAC0009,070351,2010,03,12,0.0,,Y
IDCJAC0009,070351,2010,03,13,0.0,,Y
IDCJAC0009,070351,2010,03,14,0.0,,Y
IDCJAC0009,070351,2010,03,15,0.0,,Y
IDCJAC0009,070351,2010,03,16,0.0,,Y
IDCJAC0009,070351,2010,03,17,0.0,,Y
IDCJAC0009,070351,2010,03,18,0.0,,Y
IDCJAC0009,070351,2010,03,19,0.0,,Y
IDCJAC0009,070351,2010,03,20,0.0,,Y
IDCJAC0009,070351,2010,03,21,0.0,,Y
IDCJAC0009,070351,2010,03,22,0.0,,Y
IDCJAC0009,070351,2010,03,23,0.0,,Y
IDCJAC0009,070351,2010,03,24,0.0,,Y
IDCJAC0009,070351,2010,03,25,0.0,,Y
IDCJAC0009,070351,2010,03,26,0.0,,Y
IDCJAC0009,070351,2010,03,27,0.0,,Y
IDCJAC0009,070351,2010,03,28,0.0,,Y
IDCJAC0009,070351,2010,03,29,1.4,1,Y
IDCJAC0009,070351,2010,03,30,3.4,1,Y
IDCJAC0009,070351,2010,03,31,35.0,1,Y
IDCJAC0009,070351,2010,04,01,0.0,,Y
IDCJAC0009,070351,2010,04,02,0.0,,Y
IDCJAC0009,070351,2010,04,03,0.0,,Y
IDCJAC0009,070351,2010,04,04,0.6,1,Y
IDCJAC0009,070351,2010,04,05,0.0,,Y
IDCJAC0009,070351,2010,04,06,0.0,,Y
IDCJAC0009,070351,2010,04,07,1.4,1,Y
IDCJAC0009,070351,2010,04,08,1.0,1,Y
IDCJAC0009,070351,2010,04,09,0.0,,Y
IDCJAC0009,070351,2010,04,10,0.0,,Y
IDCJAC0009,070351,2010,04,11,2.8,1,Y
IDCJAC0009,070351,2010,04,12,0.0,,Y
IDCJAC0009,070351,2010,04,13,0.0,,Y
IDCJAC0009,070351,2010,04,14,0.0,,Y
IDCJAC0009,070351,2010,04,15,0.0,,Y
IDCJAC0009,070351,2010,04,16,0.0,,Y
IDCJAC0009,070351,2010,04,17,0.0,,Y
IDCJAC0009,070351,2010,04,18,0.0,,Y
IDCJAC0009,070351,2010,04,19,0.0,,Y
IDCJAC0009,070351,2010,04,20,0.0,,Y
IDCJAC0009,070351,2010,04,21,0.0,,Y
IDCJAC0009,070351,2010,04,22,0.0,,Y
IDCJAC0009,070351,2010,04,23,0.0,,Y
IDCJAC0009,070351,2010,04,24,0.2,1,Y
IDCJAC0009,070351,2010,04,25,13.2,1,Y
IDCJAC0009,070351,2010,04,26,0.2,1,Y
IDCJAC0009,070351,2010,04,27,0.0,,Y
IDCJAC0009,070351,2010,04,28,0.0,,Y
IDCJAC0009,070351,2010,04,29,0.0,,Y
IDCJAC0009,070351,2010,04,30,0.0,,Y
IDCJAC0009,070351,2010,05,01,0.0,,Y
IDCJAC0009,070351,2010,05,02,0.0,,Y
IDCJAC0009,070351,2010,05,03,0.0,,Y
IDCJAC0009,070351,2010,05,04,0.8,1,Y
IDCJAC0009,070351,2010,05,05,19.2,1,Y
IDCJAC0009,070351,2010,05,06,0.2,1,Y
IDCJAC0009,070351,2010,05,07,0.0,,Y
IDCJAC0009,070351,2010,05,08,0.0,,Y
IDCJAC0009,070351,2010,05,09,0.0,,Y
IDCJAC0009,070351,2010,05,10,0.0,,Y
IDCJAC0009,070351,2010,05,11,0.0,,Y
IDCJAC0009,070351,2010,05,12,0.0,,Y
IDCJAC0009,070351,2010,05,13,0.0,,Y
IDCJAC0009,070351,2010,05,14,0.0,,Y
IDCJAC0009,070351,2010,05,15,0.0,,Y
IDCJAC0009,070351,2010,05,16,0.0,,Y
IDCJAC0009,070351,2010,05,17,0.0,,Y
IDCJAC0009,070351,2010,05,18,0.0,,Y
IDCJAC0009,070351,2010,05,19,0.0,,Y
IDCJAC0009,070351,2010,05,20,0.0,,Y
IDCJAC0009,070351,2010,05,21,0.0,,Y
IDCJAC0009,070351,2010,05,22,0.0,,Y
IDCJAC0009,070351,2010,05,23,0.0,,Y
IDCJAC0009,070351,2010,05,24,0.0,,Y
IDCJAC0009,070351,2010,05,25,0.4,1,Y
IDCJAC0009,070351,2010,05,26,10.2,1,Y
IDCJAC0009,070351,2010,05,27,1.2,1,Y
IDCJAC0009,070351,2010,05,28,0.0,,Y
IDCJAC0009,070351,2010,05,29,8.4,1,Y
IDCJAC0009,070351,2010,05,30,19.8,1,Y
IDCJAC0009,070351,2010,05,31,19.0,1,Y
IDCJAC0009,070351,2010,06,01,0.0,,Y
IDCJAC0009,070351,2010,06,02,0.0,,Y
IDCJAC0009,070351,2010,06,03,0.0,,Y
IDCJAC0009,070351,2010,06,04,0.0,,Y
IDCJAC0009,070351,2010,06,05,0.0,,Y
IDCJAC0009,070351,2010,06,06,0.0,,Y
IDCJAC0009,070351,2010,06,07,0.0,,Y
IDCJAC0009,070351,2010,06,08,0.0,,Y
IDCJAC0009,070351,2010,06,09,0.0,,Y
IDCJAC0009,070351,2010,06,10,0.0,,Y
IDCJAC0009,070351,2010,06,11,0.0,,Y
IDCJAC0009,070351,2010,06,12,0.0,,Y
IDCJAC0009,070351,2010,06,13,0.0,,Y
IDCJAC0009,070351,2010,06,14,0.0,,Y
IDCJAC0009,070351,2010,06,15,0.0,,Y
IDCJAC0009,070351,2010,06,16,0.0,,Y
IDCJAC0009,070351,2010,06,17,5.8,1,Y
IDCJAC0009,070351,2010,06,18,5.6,1,Y
IDCJAC0009,070351,2010,06,19,0.0,,Y
IDCJAC0009,070351,2010,06,20,0.0,,Y
IDCJAC0009,070351,2010,06,21,0.0,,Y
IDCJAC0009,070351,2010,06,22,0.0,,Y
IDCJAC0009,070351,2010,06,23,0.0,,Y
IDCJAC0009,070351,2010,06,24,1.2,1,Y
IDCJAC0009,070351,2010,06,25,0.0,,Y
IDCJAC0009,070351,2010,06,26,7.4,1,Y
IDCJAC0009,070351,2010,06,27,0.0,,Y
IDCJAC0009,070351,2010,06,28,0.0,,Y
IDCJAC0009,070351,2010,06,29,0.2,1,Y
IDCJAC0009,070351,2010,06,30,0.0,,Y
IDCJAC0009,070351,2010,07,01,0.0,,Y
IDCJAC0009,070351,2010,07,02,0.0,,Y
IDCJAC0009,070351,2010,07,03,6.2,1,Y
IDCJAC0009,070351,2010,07,04,0.0,,Y
IDCJAC0009,070351,2010,07,05,0.0,,Y
IDCJAC0009,070351,2010,07,06,1.2,1,Y
IDCJAC0009,070351,2010,07,07,1.0,1,Y
IDCJAC0009,070351,2010,07,08,0.0,,Y
IDCJAC0009,070351,2010,07,09,0.0,,Y
IDCJAC0009,070351,2010,07,10,0.4,1,Y
IDCJAC0009,070351,2010,07,11,0.0,,Y
IDCJAC0009,070351,2010,07,12,0.0,,Y
IDCJAC0009,070351,2010,07,13,0.0,,Y
IDCJAC0009,070351,2010,07,14,39.0,1,Y
IDCJAC0009,070351,2010,07,15,8.2,1,Y
IDCJAC0009,070351,2010,07,16,0.2,1,Y
IDCJAC0009,070351,2010,07,17,0.0,,Y
IDCJAC0009,070351,2010,07,18,0.0,,Y
IDCJAC0009,070351,2010,07,19,0.0,,Y
IDCJAC0009,070351,2010,07,20,0.6,1,Y
IDCJAC0009,070351,2010,07,21,0.0,,Y
IDCJAC0009,070351,2010,07,22,0.0,,Y
IDCJAC0009,070351,2010,07,23,0.0,,Y
IDCJAC0009,070351,2010,07,24,0.0,,Y
IDCJAC0009,070351,2010,07,25,0.0,,Y
IDCJAC0009,070351,2010,07,26,0.2,1,Y
IDCJAC0009,070351,2010,07,27,0.0,,Y
IDCJAC0009,070351,2010,07,28,0.0,,Y
IDCJAC0009,070351,2010,07,29,4.0,1,Y
IDCJAC0009,070351,2010,07,30,0.4,1,Y
IDCJAC0009,070351,2010,07,31,0.8,1,Y
IDCJAC0009,070351,2010,08,01,0.0,,Y
IDCJAC0009,070351,2010,08,02,6.6,1,Y
IDCJAC0009,070351,2010,08,03,0.0,,Y
IDCJAC0009,070351,2010,08,04,0.0,,Y
IDCJAC0009,070351,2010,08,05,0.0,,Y
IDCJAC0009,070351,2010,08,06,0.0,,Y
IDCJAC0009,070351,2010,08,07,0.0,,Y
IDCJAC0009,070351,2010,08,08,0.0,,Y
IDCJAC0009,070351,2010,08,09,0.0,,Y
IDCJAC0009,070351,2010,08,10,10.2,1,Y
IDCJAC0009,070351,2010,08,11,12.0,1,Y
IDCJAC0009,070351,2010,08,12,13.2,1,Y
IDCJAC0009,070351,2010,08,13,0.2,1,Y
IDCJAC0009,070351,2010,08,14,0.0,,Y
IDCJAC0009,070351,2010,08,15,1.0,1,Y
IDCJAC0009,070351,2010,08,16,1.8,1,Y
IDCJAC0009,070351,2010,08,17,0.4,1,Y
IDCJAC0009,070351,2010,08,18,0.0,,Y
IDCJAC0009,070351,2010,08,19,16.6,1,Y
IDCJAC0009,070351,2010,08,20,0.2,1,Y
IDCJAC0009,070351,2010,08,21,0.0,,Y
IDCJAC0009,070351,2010,08,22,0.0,,Y
IDCJAC0009,070351,2010,08,23,0.0,,Y
IDCJAC0009,070351,2010,08,24,0.2,1,Y
IDCJAC0009,070351,2010,08,25,0.0,,Y
IDCJAC0009,070351,2010,08,26,3.8,1,Y
IDCJAC0009,070351,2010,08,27,0.0,,Y
IDCJAC0009,070351,2010,08,28,0.0,,Y
IDCJAC0009,070351,2010,08,29,0.0,,Y
IDCJAC0009,070351,2010,08,30,0.0,,Y
IDCJAC0009,070351,2010,08,31,0.0,,Y
IDCJAC0009,070351,2010,09,01,0.0,,Y
IDCJAC0009,070351,2010,09,02,0.0,,Y
IDCJAC0009,070351,2010,09,03,0.0,,Y
IDCJAC0009,070351,2010,09,04,23.0,1,Y
IDCJAC0009,070351,2010,09,05,24.2,1,Y
IDCJAC0009,070351,2010,09,06,0.2,1,Y
IDCJAC0009,070351,2010,09,07,0.0,,Y
IDCJAC0009,070351,2010,09,08,0.0,,Y
IDCJAC0009,070351,2010,09,09,0.0,,Y
IDCJAC0009,070351,2010,09,10,4.8,1,Y
IDCJAC0009,070351,2010,09,11,1.2,1,Y
IDCJAC0009,070351,2010,09,12,0.0,,Y
IDCJAC0009,070351,2010,09,13,0.4,1,Y
IDCJAC0009,070351,2010,09,14,0.0,,Y
IDCJAC0009,070351,2010,09,15,9.4,1,Y
IDCJAC0009,070351,2010,09,16,0.0,,Y
IDCJAC0009,070351,2010,09,17,0.0,,Y
IDCJAC0009,070351,2010,09,18,0.0,,Y
IDCJAC0009,070351,2010,09,19,0.0,,Y
IDCJAC0009,070351,2010,09,20,0.0,,Y
IDCJAC0009,070351,2010,09,21,0.0,,Y
IDCJAC0009,070351,2010,09,22,0.0,,Y
IDCJAC0009,070351,2010,09,23,0.0,,Y
IDCJAC0009,070351,2010,09,24,0.0,,Y
IDCJAC0009,070351,2010,09,25,0.0,,Y
IDCJAC0009,070351,2010,09,26,0.0,,Y
IDCJAC0009,070351,2010,09,27,0.0,,Y
IDCJAC0009,070351,2010,09,28,0.0,,Y
IDCJAC0009,070351,2010,09,29,0.0,,Y
IDCJAC0009,070351,2010,09,30,0.6,1,Y
IDCJAC0009,070351,2010,10,01,0.0,,Y
IDCJAC0009,070351,2010,10,02,0.0,,Y
IDCJAC0009,070351,2010,10,03,3.0,1,Y
IDCJAC0009,070351,2010,10,04,0.0,,Y
IDCJAC0009,070351,2010,10,05,0.4,1,Y
IDCJAC0009,070351,2010,10,06,0.4,1,Y
IDCJAC0009,070351,2010,10,07,3.4,1,Y
IDCJAC0009,070351,2010,10,08,0.0,,Y
IDCJAC0009,070351,2010,10,09,0.0,,Y
IDCJAC0009,070351,2010,10,10,0.0,,Y
IDCJAC0009,070351,2010,10,11,0.0,,Y
IDCJAC0009,070351,2010,10,12,0.0,,Y
IDCJAC0009,070351,2010,10,13,13.0,1,Y
IDCJAC0009,070351,2010,10,14,38.6,1,Y
IDCJAC0009,070351,2010,10,15,14.6,1,Y
IDCJAC0009,070351,2010,10,16,18.4,1,Y
IDCJAC0009,070351,2010,10,17,0.0,,Y
IDCJAC0009,070351,2010,10,18,0.0,,Y
IDCJAC0009,070351,2010,10,19,0.0,,Y
IDCJAC0009,070351,2010,10,20,0.0,,Y
IDCJAC0009,070351,2010,10,21,0.0,,Y
IDCJAC0009,070351,2010,10,22,0.0,,Y
IDCJAC0009,070351,2010,10,23,0.4,1,Y
IDCJAC0009,070351,2010,10,24,3.2,1,Y
IDCJAC0009,070351,2010,10,25,0.0,,Y
IDCJAC0009,070351,2010,10,26,0.0,,Y
IDCJAC0009,070351,2010,10,27,0.0,,Y
IDCJAC0009,070351,2010,10,28,0.0,,Y
IDCJAC0009,070351,2010,10,29,0.0,,Y
IDCJAC0009,070351,2010,10,30,0.0,,Y
IDCJAC0009,070351,2010,10,31,7.4,1,Y
IDCJAC0009,070351,2010,11,01,0.0,,Y
IDCJAC0009,070351,2010,11,02,15.6,1,Y
IDCJAC0009,070351,2010,11,03,2.8,1,Y
IDCJAC0009,070351,2010,11,04,0.0,,Y
IDCJAC0009,070351,2010,11,05,0.0,,Y
IDCJAC0009,070351,2010,11,06,0.0,,Y
IDCJAC0009,070351,2010,11,07,0.0,,Y
IDCJAC0009,070351,2010,11,08,4.4,1,Y
IDCJAC0009,070351,2010,11,09,8.4,1,Y
IDCJAC0009,070351,2010,11,10,0.0,,Y
IDCJAC0009,070351,2010,11,11,6.0,1,Y
IDCJAC0009,070351,2010,11,12,0.0,,Y
IDCJAC0009,070351,2010,11,13,0.0,,Y
IDCJAC0009,070351,2010,11,14,2.8,1,Y
IDCJAC0009,070351,2010,11,15,21.6,1,Y
IDCJAC0009,070351,2010,11,16,0.6,1,Y
IDCJAC0009,070351,2010,11,17,0.0,,Y
IDCJAC0009,070351,2010,11,18,0.0,,Y
IDCJAC0009,070351,2010,11,19,0.0,,Y
IDCJAC0009,070351,2010,11,20,0.0,,Y
IDCJAC0009,070351,2010,11,21,0.0,,Y
IDCJAC0009,070351,2010,11,22,0.0,,Y
IDCJAC0009,070351,2010,11,23,0.0,,Y
IDCJAC0009,070351,2010,11,24,0.0,,Y
IDCJAC0009,070351,2010,11,25,0.0,,Y
IDCJAC0009,070351,2010,11,26,0.0,,Y
IDCJAC0009,070351,2010,11,27,0.0,,Y
IDCJAC0009,070351,2010,11,28,6.0,1,Y
IDCJAC0009,070351,2010,11,29,36.6,1,Y
IDCJAC0009,070351,2010,11,30,14.6,1,Y
IDCJAC0009,070351,2010,12,01,10.8,1,Y
IDCJAC0009,070351,2010,12,02,9.6,1,Y
IDCJAC0009,070351,2010,12,03,87.6,1,Y
IDCJAC0009,070351,2010,12,04,2.2,1,Y
IDCJAC0009,070351,2010,12,05,29.6,1,Y
IDCJAC0009,070351,2010,12,06,0.0,1,Y
IDCJAC0009,070351,2010,12,07,0.0,1,Y
IDCJAC0009,070351,2010,12,08,0.2,1,Y
IDCJAC0009,070351,2010,12,09,29.4,1,Y
IDCJAC0009,070351,2010,12,10,7.0,1,Y
IDCJAC0009,070351,2010,12,11,0.0,1,Y
IDCJAC0009,070351,2010,12,12,0.0,,Y
IDCJAC0009,070351,2010,12,13,0.0,,Y
IDCJAC0009,070351,2010,12,14,0.0,,Y
IDCJAC0009,070351,2010,12,15,0.0,,Y
IDCJAC0009,070351,2010,12,16,7.2,1,Y
IDCJAC0009,070351,2010,12,17,1.6,1,Y
IDCJAC0009,070351,2010,12,18,0.0,1,Y
IDCJAC0009,070351,2010,12,19,5.4,1,Y
IDCJAC0009,070351,2010,12,20,7.2,1,Y
IDCJAC0009,070351,2010,12,21,0.0,1,Y
IDCJAC0009,070351,2010,12,22,0.0,,Y
IDCJAC0009,070351,2010,12,23,0.0,,Y
IDCJAC0009,070351,2010,12,24,0.0,,Y
IDCJAC0009,070351,2010,12,25,0.0,,Y
IDCJAC0009,070351,2010,12,26,0.6,1,Y
IDCJAC0009,070351,2010,12,27,0.0,,Y
IDCJAC0009,070351,2010,12,28,0.0,,Y
IDCJAC0009,070351,2010,12,29,0.0,,Y
IDCJAC0009,070351,2010,12,30,0.0,,Y
IDCJAC0009,070351,2010,12,31,0.0,,Y
IDCJAC0009,070351,2011,01,01,0.0,,Y
IDCJAC0009,070351,2011,01,02,5.4,1,Y
IDCJAC0009,070351,2011,01,03,0.0,,Y
IDCJAC0009,070351,2011,01,04,0.0,1,Y
IDCJAC0009,070351,2011,01,05,0.0,,Y
IDCJAC0009,070351,2011,01,06,11.6,1,Y
IDCJAC0009,070351,2011,01,07,0.0,,Y
IDCJAC0009,070351,2011,01,08,0.0,1,Y
IDCJAC0009,070351,2011,01,09,0.0,,Y
IDCJAC0009,070351,2011,01,10,14.6,1,Y
IDCJAC0009,070351,2011,01,11,0.8,1,Y
IDCJAC0009,070351,2011,01,12,2.8,1,Y
IDCJAC0009,070351,2011,01,13,10.2,1,Y
IDCJAC0009,070351,2011,01,14,4.2,1,Y
IDCJAC0009,070351,2011,01,15,0.0,1,Y
IDCJAC0009,070351,2011,01,16,0.0,,Y
IDCJAC0009,070351,2011,01,17,0.0,,Y
IDCJAC0009,070351,2011,01,18,0.0,,Y
IDCJAC0009,070351,2011,01,19,0.0,,Y
IDCJAC0009,070351,2011,01,20,0.0,,Y
IDCJAC0009,070351,2011,01,21,0.0,,Y
IDCJAC0009,070351,2011,01,22,0.0,,Y
IDCJAC0009,070351,2011,01,23,5.0,1,Y
IDCJAC0009,070351,2011,01,24,0.0,1,Y
IDCJAC0009,070351,2011,01,25,0.0,,Y
IDCJAC0009,070351,2011,01,26,0.0,,Y
IDCJAC0009,070351,2011,01,27,0.0,,Y
IDCJAC0009,070351,2011,01,28,0.0,,Y
IDCJAC0009,070351,2011,01,29,0.0,,Y
IDCJAC0009,070351,2011,01,30,0.0,,Y
IDCJAC0009,070351,2011,01,31,0.0,,Y
IDCJAC0009,070351,2011,02,01,0.0,,Y
IDCJAC0009,070351,2011,02,02,0.0,1,Y
IDCJAC0009,070351,2011,02,03,50.0,1,Y
IDCJAC0009,070351,2011,02,04,3.4,1,Y
IDCJAC0009,070351,2011,02,05,42.0,1,Y
IDCJAC0009,070351,2011,02,06,4.8,1,Y
IDCJAC0009,070351,2011,02,07,0.2,1,Y
IDCJAC0009,070351,2011,02,08,0.0,,Y
IDCJAC0009,070351,2011,02,09,0.0,,Y
IDCJAC0009,070351,2011,02,10,0.0,,Y
IDCJAC0009,070351,2011,02,11,0.0,,Y
IDCJAC0009,070351,2011,02,12,9.4,1,Y
IDCJAC0009,070351,2011,02,13,0.0,1,Y
IDCJAC0009,070351,2011,02,14,0.0,,Y
IDCJAC0009,070351,2011,02,15,0.0,,Y
IDCJAC0009,070351,2011,02,16,0.2,1,Y
IDCJAC0009,070351,2011,02,17,14.6,1,Y
IDCJAC0009,070351,2011,02,18,0.4,1,Y
IDCJAC0009,070351,2011,02,19,0.2,1,Y
IDCJAC0009,070351,2011,02,20,3.2,1,Y
IDCJAC0009,070351,2011,02,21,0.0,,Y
IDCJAC0009,070351,2011,02,22,0.0,,Y
IDCJAC0009,070351,2011,02,23,0.0,,Y
IDCJAC0009,070351,2011,02,24,0.0,,Y
IDCJAC0009,070351,2011,02,25,0.0,,Y
IDCJAC0009,070351,2011,02,26,0.2,1,Y
IDCJAC0009,070351,2011,02,27,0.6,1,Y
IDCJAC0009,070351,2011,02,28,0.0,,Y
IDCJAC0009,070351,2011,03,01,2.2,1,Y
IDCJAC0009,070351,2011,03,02,0.0,,Y
IDCJAC0009,070351,2011,03,03,0.0,,Y
IDCJAC0009,070351,2011,03,04,0.0,,Y
IDCJAC0009,070351,2011,03,05,0.0,,Y
IDCJAC0009,070351,2011,03,06,0.0,,Y
IDCJAC0009,070351,2011,03,07,0.0,,Y
IDCJAC0009,070351,2011,03,08,0.0,,Y
IDCJAC0009,070351,2011,03,09,0.0,,Y
IDCJAC0009,070351,2011,03,10,5.2,1,Y
IDCJAC0009,070351,2011,03,11,12.4,1,Y
IDCJAC0009,070351,2011,03,12,0.8,1,Y
IDCJAC0009,070351,2011,03,13,0.0,1,Y
IDCJAC0009,070351,2011,03,14,6.2,1,Y
IDCJAC0009,070351,2011,03,15,0.0,1,Y
IDCJAC0009,070351,2011,03,16,0.0,,Y
IDCJAC0009,070351,2011,03,17,0.0,,Y
IDCJAC0009,070351,2011,03,18,0.0,1,Y
IDCJAC0009,070351,2011,03,19,0.0,1,Y
IDCJAC0009,070351,2011,03,20,1.2,1,Y
IDCJAC0009,070351,2011,03,21,0.8,1,Y
IDCJAC0009,070351,2011,03,22,10.2,1,Y
IDCJAC0009,070351,2011,03,23,1.2,1,Y
IDCJAC0009,070351,2011,03,24,0.0,1,Y
IDCJAC0009,070351,2011,03,25,0.0,1,Y
IDCJAC0009,070351,2011,03,26,0.0,1,Y
IDCJAC0009,070351,2011,03,27,0.0,,Y
IDCJAC0009,070351,2011,03,28,0.0,1,Y
IDCJAC0009,070351,2011,03,29,0.0,1,Y
IDCJAC0009,070351,2011,03,30,0.0,,Y
IDCJAC0009,070351,2011,03,31,0.0,,Y
IDCJAC0009,070351,2011,04,01,0.4,1,Y
IDCJAC0009,070351,2011,04,02,0.0,,Y
IDCJAC0009,070351,2011,04,03,0.0,,Y
IDCJAC0009,070351,2011,04,04,0.0,,Y
IDCJAC0009,070351,2011,04,05,0.0,,Y
IDCJAC0009,070351,2011,04,06,0.0,,Y
IDCJAC0009,070351,2011,04,07,0.0,,Y
IDCJAC0009,070351,2011,04,08,0.0,,Y
IDCJAC0009,070351,2011,04,09,0.0,1,Y
IDCJAC0009,070351,2011,04,10,3.0,1,Y
IDCJAC0009,070351,2011,04,11,4.2,1,Y
IDCJAC0009,070351,2011,04,12,0.2,1,Y
IDCJAC0009,070351,2011,04,13,0.4,1,Y
IDCJAC0009,070351,2011,04,14,0.0,1,Y
IDCJAC0009,070351,2011,04,15,0.0,,Y
IDCJAC0009,070351,2011,04,16,0.0,,Y
IDCJAC0009,070351,2011,04,17,0.0,,Y
IDCJAC0009,070351,2011,04,18,0.0,,Y
IDCJAC0009,070351,2011,04,19,0.0,,Y
IDCJAC0009,070351,2011,04,20,0.0,,Y
IDCJAC0009,070351,2011,04,21,0.0,,Y
IDCJAC0009,070351,2011,04,22,0.0,,Y
IDCJAC0009,070351,2011,04,23,0.0,,Y
IDCJAC0009,070351,2011,04,24,0.0,,Y
IDCJAC0009,070351,2011,04,25,0.0,,Y
IDCJAC0009,070351,2011,04,26,0.0,,Y
IDCJAC0009,070351,2011,04,27,0.0,,Y
IDCJAC0009,070351,2011,04,28,0.0,,Y
IDCJAC0009,070351,2011,04,29,0.0,,Y
IDCJAC0009,070351,2011,04,30,0.6,1,Y
IDCJAC0009,070351,2011,05,01,0.0,1,Y
IDCJAC0009,070351,2011,05,02,0.0,,Y
IDCJAC0009,070351,2011,05,03,0.0,1,Y
IDCJAC0009,070351,2011,05,04,0.0,,Y
IDCJAC0009,070351,2011,05,05,0.0,,Y
IDCJAC0009,070351,2011,05,06,0.0,,Y
IDCJAC0009,070351,2011,05,07,0.2,1,Y
IDCJAC0009,070351,2011,05,08,0.0,,Y
IDCJAC0009,070351,2011,05,09,0.0,,Y
IDCJAC0009,070351,2011,05,10,0.0,,Y
IDCJAC0009,070351,2011,05,11,0.2,1,Y
IDCJAC0009,070351,2011,05,12,0.0,,Y
IDCJAC0009,070351,2011,05,13,0.2,1,Y
IDCJAC0009,070351,2011,05,14,0.0,,Y
IDCJAC0009,070351,2011,05,15,0.0,1,Y
IDCJAC0009,070351,2011,05,16,0.0,1,Y
IDCJAC0009,070351,2011,05,17,0.0,,Y
IDCJAC0009,070351,2011,05,18,0.0,1,Y
IDCJAC0009,070351,2011,05,19,0.0,1,Y
IDCJAC0009,070351,2011,05,20,0.0,,Y
IDCJAC0009,070351,2011,05,21,0.0,1,Y
IDCJAC0009,070351,2011,05,22,0.0,,Y
IDCJAC0009,070351,2011,05,23,10.4,1,Y
IDCJAC0009,070351,2011,05,24,1.0,1,Y
IDCJAC0009,070351,2011,05,25,0.0,,Y
IDCJAC0009,070351,2011,05,26,0.0,1,Y
IDCJAC0009,070351,2011,05,27,0.0,1,Y
IDCJAC0009,070351,2011,05,28,0.0,1,Y
IDCJAC0009,070351,2011,05,29,0.0,1,Y
IDCJAC0009,070351,2011,05,30,0.0,1,Y
IDCJAC0009,070351,2011,05,31,0.0,,Y
IDCJAC0009,070351,2011,06,01,0.0,,Y
IDCJAC0009,070351,2011,06,02,0.0,,Y
IDCJAC0009,070351,2011,06,03,0.2,1,Y
IDCJAC0009,070351,2011,06,04,0.0,,Y
IDCJAC0009,070351,2011,06,05,0.0,1,Y
IDCJAC0009,070351,2011,06,06,0.4,1,Y
IDCJAC0009,070351,2011,06,07,0.0,1,Y
IDCJAC0009,070351,2011,06,08,0.6,1,Y
IDCJAC0009,070351,2011,06,09,0.0,1,Y
IDCJAC0009,070351,2011,06,10,0.0,1,Y
IDCJAC0009,070351,2011,06,11,0.0,1,Y
IDCJAC0009,070351,2011,06,12,0.0,1,Y
IDCJAC0009,070351,2011,06,13,0.0,,Y
IDCJAC0009,070351,2011,06,14,0.0,1,Y
IDCJAC0009,070351,2011,06,15,0.0,,Y
IDCJAC0009,070351,2011,06,16,0.2,1,Y
IDCJAC0009,070351,2011,06,17,0.0,,Y
IDCJAC0009,070351,2011,06,18,0.0,,Y
IDCJAC0009,070351,2011,06,19,0.0,1,Y
IDCJAC0009,070351,2011,06,20,0.0,,Y
IDCJAC0009,070351,2011,06,21,0.0,,Y
IDCJAC0009,070351,2011,06,22,8.0,1,Y
IDCJAC0009,070351,2011,06,23,0.0,1,Y
IDCJAC0009,070351,2011,06,24,0.0,1,Y
IDCJAC0009,070351,2011,06,25,0.0,1,Y
IDCJAC0009,070351,2011,06,26,0.0,1,Y
IDCJAC0009,070351,2011,06,27,0.0,1,Y
IDCJAC0009,070351,2011,06,28,0.0,1,Y
IDCJAC0009,070351,2011,06,29,0.0,1,Y
IDCJAC0009,070351,2011,06,30,0.0,,Y
IDCJAC0009,070351,2011,07,01,0.0,1,Y
IDCJAC0009,070351,2011,07,02,0.0,1,Y
IDCJAC0009,070351,2011,07,03,0.2,1,Y
IDCJAC0009,070351,2011,07,04,10.4,1,Y
IDCJAC0009,070351,2011,07,05,3.2,1,Y
IDCJAC0009,070351,2011,07,06,0.8,1,Y
IDCJAC0009,070351,2011,07,07,3.0,1,Y
IDCJAC0009,070351,2011,07,08,0.0,1,Y
IDCJAC0009,070351,2011,07,09,0.0,1,Y
IDCJAC0009,070351,2011,07,10,0.0,,Y
IDCJAC0009,070351,2011,07,11,0.4,1,Y
IDCJAC0009,070351,2011,07,12,0.0,,Y
IDCJAC0009,070351,2011,07,13,0.0,,Y
IDCJAC0009,070351,2011,07,14,0.6,1,Y
IDCJAC0009,070351,2011,07,15,0.0,1,Y
IDCJAC0009,070351,2011,07,16,0.0,,Y
IDCJAC0009,070351,2011,07,17,0.0,,Y
IDCJAC0009,070351,2011,07,18,1.4,1,Y
IDCJAC0009,070351,2011,07,19,2.4,1,Y
IDCJAC0009,070351,2011,07,20,0.2,1,Y
IDCJAC0009,070351,2011,07,21,0.0,,Y
IDCJAC0009,070351,2011,07,22,0.0,,Y
IDCJAC0009,070351,2011,07,23,0.0,1,Y
IDCJAC0009,070351,2011,07,24,0.2,1,Y
IDCJAC0009,070351,2011,07,25,3.4,1,Y
IDCJAC0009,070351,2011,07,26,0.2,1,Y
IDCJAC0009,070351,2011,07,27,0.0,1,Y
IDCJAC0009,070351,2011,07,28,0.0,1,Y
IDCJAC0009,070351,2011,07,29,0.0,1,Y
IDCJAC0009,070351,2011,07,30,0.0,1,Y
IDCJAC0009,070351,2011,07,31,0.0,,Y
IDCJAC0009,070351,2011,08,01,0.2,1,Y
IDCJAC0009,070351,2011,08,02,0.0,,Y
IDCJAC0009,070351,2011,08,03,0.0,,Y
IDCJAC0009,070351,2011,08,04,0.0,,Y
IDCJAC0009,070351,2011,08,05,0.0,1,Y
IDCJAC0009,070351,2011,08,06,0.0,1,Y
IDCJAC0009,070351,2011,08,07,7.2,1,Y
IDCJAC0009,070351,2011,08,08,0.4,1,Y
IDCJAC0009,070351,2011,08,09,0.2,1,Y
IDCJAC0009,070351,2011,08,10,0.0,1,Y
IDCJAC0009,070351,2011,08,11,1.2,1,Y
IDCJAC0009,070351,2011,08,12,5.6,1,Y
IDCJAC0009,070351,2011,08,13,0.2,1,Y
IDCJAC0009,070351,2011,08,14,0.0,,Y
IDCJAC0009,070351,2011,08,15,0.0,,Y
IDCJAC0009,070351,2011,08,16,0.0,,Y
IDCJAC0009,070351,2011,08,17,1.2,1,Y
IDCJAC0009,070351,2011,08,18,31.8,1,Y
IDCJAC0009,070351,2011,08,19,2.0,1,Y
IDCJAC0009,070351,2011,08,20,0.8,1,Y
IDCJAC0009,070351,2011,08,21,0.0,1,Y
IDCJAC0009,070351,2011,08,22,0.0,1,Y
IDCJAC0009,070351,2011,08,23,0.0,,Y
IDCJAC0009,070351,2011,08,24,0.0,1,Y
IDCJAC0009,070351,2011,08,25,0.0,1,Y
IDCJAC0009,070351,2011,08,26,0.0,,Y
IDCJAC0009,070351,2011,08,27,0.0,,Y
IDCJAC0009,070351,2011,08,28,0.0,,Y
IDCJAC0009,070351,2011,08,29,0.0,,Y
IDCJAC0009,070351,2011,08,30,0.0,,Y
IDCJAC0009,070351,2011,08,31,0.0,,Y
IDCJAC0009,070351,2011,09,01,0.0,,Y
IDCJAC0009,070351,2011,09,02,0.0,,Y
IDCJAC0009,070351,2011,09,03,0.0,,Y
IDCJAC0009,070351,2011,09,04,0.0,,Y
IDCJAC0009,070351,2011,09,05,1.4,1,Y
IDCJAC0009,070351,2011,09,06,0.4,1,Y
IDCJAC0009,070351,2011,09,07,6.8,1,Y
IDCJAC0009,070351,2011,09,08,0.0,1,Y
IDCJAC0009,070351,2011,09,09,0.0,,Y
IDCJAC0009,070351,2011,09,10,0.4,1,Y
IDCJAC0009,070351,2011,09,11,0.0,,Y
IDCJAC0009,070351,2011,09,12,1.2,1,Y
IDCJAC0009,070351,2011,09,13,0.0,,Y
IDCJAC0009,070351,2011,09,14,0.0,,Y
IDCJAC0009,070351,2011,09,15,0.0,,Y
IDCJAC0009,070351,2011,09,16,0.0,,Y
IDCJAC0009,070351,2011,09,17,0.0,,Y
IDCJAC0009,070351,2011,09,18,0.0,,Y
IDCJAC0009,070351,2011,09,19,0.0,,Y
IDCJAC0009,070351,2011,09,20,0.0,,Y
IDCJAC0009,070351,2011,09,21,1.2,1,Y
IDCJAC0009,070351,2011,09,22,0.0,,Y
IDCJAC0009,070351,2011,09,23,0.0,,Y
IDCJAC0009,070351,2011,09,24,0.0,,Y
IDCJAC0009,070351,2011,09,25,9.0,1,Y
IDCJAC0009,070351,2011,09,26,0.0,1,Y
IDCJAC0009,070351,2011,09,27,0.0,,Y
IDCJAC0009,070351,2011,09,28,0.4,1,Y
IDCJAC0009,070351,2011,09,29,9.8,1,Y
IDCJAC0009,070351,2011,09,30,3.4,1,Y
IDCJAC0009,070351,2011,10,01,0.8,1,Y
IDCJAC0009,070351,2011,10,02,0.8,1,Y
IDCJAC0009,070351,2011,10,03,2.8,1,Y
IDCJAC0009,070351,2011,10,04,0.0,1,Y
IDCJAC0009,070351,2011,10,05,0.0,1,Y
IDCJAC0009,070351,2011,10,06,0.0,,Y
IDCJAC0009,070351,2011,10,07,6.2,1,Y
IDCJAC0009,070351,2011,10,08,1.2,1,Y
IDCJAC0009,070351,2011,10,09,1.0,1,Y
IDCJAC0009,070351,2011,10,10,0.4,1,Y
IDCJAC0009,070351,2011,10,11,0.0,,Y
IDCJAC0009,070351,2011,10,12,0.0,,Y
IDCJAC0009,070351,2011,10,13,0.0,,Y
IDCJAC0009,070351,2011,10,14,0.0,,Y
IDCJAC0009,070351,2011,10,15,0.0,1,Y
IDCJAC0009,070351,2011,10,16,0.0,,Y
IDCJAC0009,070351,2011,10,17,0.0,,Y
IDCJAC0009,070351,2011,10,18,0.0,,Y
IDCJAC0009,070351,2011,10,19,0.0,,Y
IDCJAC0009,070351,2011,10,20,0.0,,Y
IDCJAC0009,070351,2011,10,21,0.0,,Y
IDCJAC0009,070351,2011,10,22,0.0,,Y
IDCJAC0009,070351,2011,10,23,0.0,,Y
IDCJAC0009,070351,2011,10,24,0.0,,Y
IDCJAC0009,070351,2011,10,25,5.2,1,Y
IDCJAC0009,070351,2011,10,26,3.2,1,Y
IDCJAC0009,070351,2011,10,27,0.2,1,Y
IDCJAC0009,070351,2011,10,28,0.0,,Y
IDCJAC0009,070351,2011,10,29,0.9,1,Y
IDCJAC0009,070351,2011,10,30,3.2,1,Y
IDCJAC0009,070351,2011,10,31,0.2,1,Y
IDCJAC0009,070351,2011,11,01,0.0,,N
IDCJAC0009,070351,2011,11,02,0.0,,N
IDCJAC0009,070351,2011,11,03,0.0,,N
IDCJAC0009,070351,2011,11,04,0.0,,N
IDCJAC0009,070351,2011,11,05,0.0,,N
IDCJAC0009,070351,2011,11,06,0.0,,N
IDCJAC0009,070351,2011,11,07,0.0,,N
IDCJAC0009,070351,2011,11,08,0.6,1,N
IDCJAC0009,070351,2011,11,09,14.6,1,N
IDCJAC0009,070351,2011,11,10,9.0,1,N
IDCJAC0009,070351,2011,11,11,1.2,1,N
IDCJAC0009,070351,2011,11,12,0.0,,N
IDCJAC0009,070351,2011,11,13,0.0,,N
IDCJAC0009,070351,2011,11,14,0.0,,N
IDCJAC0009,070351,2011,11,15,0.0,,N
IDCJAC0009,070351,2011,11,16,0.0,,N
IDCJAC0009,070351,2011,11,17,0.0,,N
IDCJAC0009,070351,2011,11,18,0.0,,N
IDCJAC0009,070351,2011,11,19,0.0,,N
IDCJAC0009,070351,2011,11,20,1.8,1,N
IDCJAC0009,070351,2011,11,21,2.8,1,N
IDCJAC0009,070351,2011,11,22,0.0,,N
IDCJAC0009,070351,2011,11,23,5.0,1,N
IDCJAC0009,070351,2011,11,24,0.0,1,N
IDCJAC0009,070351,2011,11,25,6.6,1,N
IDCJAC0009,070351,2011,11,26,43.4,1,N
IDCJAC0009,070351,2011,11,27,1.6,1,N
IDCJAC0009,070351,2011,11,28,0.0,,N
IDCJAC0009,070351,2011,11,29,0.0,,N
IDCJAC0009,070351,2011,11,30,26.6,1,N
IDCJAC0009,070351,2011,12,01,13.8,1,N
IDCJAC0009,070351,2011,12,02,0.0,1,N
IDCJAC0009,070351,2011,12,03,0.0,,N
IDCJAC0009,070351,2011,12,04,2.6,1,N
IDCJAC0009,070351,2011,12,05,0.0,,N
IDCJAC0009,070351,2011,12,06,0.0,,N
IDCJAC0009,070351,2011,12,07,0.0,,N
IDCJAC0009,070351,2011,12,08,0.0,,N
IDCJAC0009,070351,2011,12,09,0.0,,N
IDCJAC0009,070351,2011,12,10,0.0,,N
IDCJAC0009,070351,2011,12,11,4.6,1,N
IDCJAC0009,070351,2011,12,12,15.2,1,N
IDCJAC0009,070351,2011,12,13,0.6,1,N
IDCJAC0009,070351,2011,12,14,0.0,,N
IDCJAC0009,070351,2011,12,15,0.0,,N
IDCJAC0009,070351,2011,12,16,0.0,,N
IDCJAC0009,070351,2011,12,17,0.0,,N
IDCJAC0009,070351,2011,12,18,0.0,,N
IDCJAC0009,070351,2011,12,19,8.2,1,N
IDCJAC0009,070351,2011,12,20,1.6,1,N
IDCJAC0009,070351,2011,12,21,,,
IDCJAC0009,070351,2011,12,22,16.8,2,N
IDCJAC0009,070351,2011,12,23,0.6,1,N
IDCJAC0009,070351,2011,12,24,0.0,,N
IDCJAC0009,070351,2011,12,25,0.0,,N
IDCJAC0009,070351,2011,12,26,0.0,,N
IDCJAC0009,070351,2011,12,27,0.0,,N
IDCJAC0009,070351,2011,12,28,0.0,,N
IDCJAC0009,070351,2011,12,29,0.0,,N
IDCJAC0009,070351,2011,12,30,0.0,,N
IDCJAC0009,070351,2011,12,31,0.0,,N
IDCJAC0009,070351,2012,01,01,0.0,1,N
IDCJAC0009,070351,2012,01,02,0.0,1,N
IDCJAC0009,070351,2012,01,03,0.0,1,N
IDCJAC0009,070351,2012,01,04,0.0,1,N
IDCJAC0009,070351,2012,01,05,0.0,1,N
IDCJAC0009,070351,2012,01,06,0.0,1,N
IDCJAC0009,070351,2012,01,07,0.0,1,N
IDCJAC0009,070351,2012,01,08,3.8,1,N
IDCJAC0009,070351,2012,01,09,1.2,1,N
IDCJAC0009,070351,2012,01,10,0.0,1,N
IDCJAC0009,070351,2012,01,11,0.0,1,N
IDCJAC0009,070351,2012,01,12,0.4,1,N
IDCJAC0009,070351,2012,01,13,0.0,1,N
IDCJAC0009,070351,2012,01,14,0.0,1,N
IDCJAC0009,070351,2012,01,15,0.0,1,N
IDCJAC0009,070351,2012,01,16,0.0,1,N
IDCJAC0009,070351,2012,01,17,0.0,1,N
IDCJAC0009,070351,2012,01,18,0.0,1,N
IDCJAC0009,070351,2012,01,19,0.0,1,N
IDCJAC0009,070351,2012,01,20,0.0,1,N
IDCJAC0009,070351,2012,01,21,24.2,1,N
IDCJAC0009,070351,2012,01,22,0.2,1,N
IDCJAC0009,070351,2012,01,23,0.0,1,N
IDCJAC0009,070351,2012,01,24,0.2,1,N
IDCJAC0009,070351,2012,01,25,0.0,1,N
IDCJAC0009,070351,2012,01,26,0.0,1,N
IDCJAC0009,070351,2012,01,27,0.0,1,N
IDCJAC0009,070351,2012,01,28,0.0,1,N
IDCJAC0009,070351,2012,01,29,0.0,1,N
IDCJAC0009,070351,2012,01,30,16.2,1,N
IDCJAC0009,070351,2012,01,31,0.6,1,N
IDCJAC0009,070351,2012,02,01,0.0,,N
IDCJAC0009,070351,2012,02,02,0.0,,N
IDCJAC0009,070351,2012,02,03,24.2,1,N
IDCJAC0009,070351,2012,02,04,11.2,1,N
IDCJAC0009,070351,2012,02,05,0.2,1,N
IDCJAC0009,070351,2012,02,06,0.0,,N
IDCJAC0009,070351,2012,02,07,0.0,,N
IDCJAC0009,070351,2012,02,08,0.0,,N
IDCJAC0009,070351,2012,02,09,0.0,,N
IDCJAC0009,070351,2012,02,10,7.6,1,N
IDCJAC0009,070351,2012,02,11,2.8,1,N
IDCJAC0009,070351,2012,02,12,0.6,1,N
IDCJAC0009,070351,2012,02,13,0.0,,N
IDCJAC0009,070351,2012,02,14,0.0,1,N
IDCJAC0009,070351,2012,02,15,4.0,1,N
IDCJAC0009,070351,2012,02,16,0.0,,N
IDCJAC0009,070351,2012,02,17,1.0,1,N
IDCJAC0009,070351,2012,02,18,20.2,1,N
IDCJAC0009,070351,2012,02,19,3.6,1,N
IDCJAC0009,070351,2012,02,20,7.8,1,N
IDCJAC0009,070351,2012,02,21,6.8,1,N
IDCJAC0009,070351,2012,02,22,0.0,,N
IDCJAC0009,070351,2012,02,23,0.0,1,N
IDCJAC0009,070351,2012,02,24,0.0,,N
IDCJAC0009,070351,2012,02,25,0.0,,N
IDCJAC0009,070351,2012,02,26,0.0,1,N
IDCJAC0009,070351,2012,02,27,4.4,1,N
IDCJAC0009,070351,2012,02,28,5.2,1,N
IDCJAC0009,070351,2012,02,29,26.8,1,N
IDCJAC0009,070351,2012,03,01,58.8,1,N
IDCJAC0009,070351,2012,03,02,30.6,1,N
IDCJAC0009,070351,2012,03,03,1.0,1,N
IDCJAC0009,070351,2012,03,04,62.4,1,N
IDCJAC0009,070351,2012,03,05,5.6,1,N
IDCJAC0009,070351,2012,03,06,1.0,1,N
IDCJAC0009,070351,2012,03,07,2.8,1,N
IDCJAC0009,070351,2012,03,08,0.2,1,N
IDCJAC0009,070351,2012,03,09,2.8,1,N
IDCJAC0009,070351,2012,03,10,0.0,1,N
IDCJAC0009,070351,2012,03,11,0.0,,N
IDCJAC0009,070351,2012,03,12,0.0,,N
IDCJAC0009,070351,2012,03,13,0.0,,N
IDCJAC0009,070351,2012,03,14,0.0,,N
IDCJAC0009,070351,2012,03,15,0.0,,N
IDCJAC0009,070351,2012,03,16,0.0,,N
IDCJAC0009,070351,2012,03,17,3.4,1,N
IDCJAC0009,070351,2012,03,18,8.6,1,N
IDCJAC0009,070351,2012,03,19,0.0,,N
IDCJAC0009,070351,2012,03,20,0.6,1,N
IDCJAC0009,070351,2012,03,21,0.0,1,N
IDCJAC0009,070351,2012,03,22,0.0,,N
IDCJAC0009,070351,2012,03,23,0.0,,N
IDCJAC0009,070351,2012,03,24,0.0,,N
IDCJAC0009,070351,2012,03,25,0.0,,N
IDCJAC0009,070351,2012,03,26,0.0,,N
IDCJAC0009,070351,2012,03,27,0.0,,N
IDCJAC0009,070351,2012,03,28,15.4,1,N
IDCJAC0009,070351,2012,03,29,0.2,1,N
IDCJAC0009,070351,2012,03,30,0.0,1,N
IDCJAC0009,070351,2012,03,31,0.0,,N
IDCJAC0009,070351,2012,04,01,0.0,,N
IDCJAC0009,070351,2012,04,02,0.1,1,N
IDCJAC0009,070351,2012,04,03,0.0,,N
IDCJAC0009,070351,2012,04,04,0.0,,N
IDCJAC0009,070351,2012,04,05,0.0,,N
IDCJAC0009,070351,2012,04,06,0.0,,N
IDCJAC0009,070351,2012,04,07,0.0,,N
IDCJAC0009,070351,2012,04,08,0.0,,N
IDCJAC0009,070351,2012,04,09,0.0,,N
IDCJAC0009,070351,2012,04,10,0.8,1,N
IDCJAC0009,070351,2012,04,11,0.0,,N
IDCJAC0009,070351,2012,04,12,0.0,1,N
IDCJAC0009,070351,2012,04,13,0.0,,N
IDCJAC0009,070351,2012,04,14,0.0,,N
IDCJAC0009,070351,2012,04,15,0.0,,N
IDCJAC0009,070351,2012,04,16,0.0,,N
IDCJAC0009,070351,2012,04,17,0.0,,N
IDCJAC0009,070351,2012,04,18,1.6,1,N
IDCJAC0009,070351,2012,04,19,12.2,1,N
IDCJAC0009,070351,2012,04,20,0.2,1,N
IDCJAC0009,070351,2012,04,21,0.0,,N
IDCJAC0009,070351,2012,04,22,0.0,,N
IDCJAC0009,070351,2012,04,23,0.4,1,N
IDCJAC0009,070351,2012,04,24,1.2,1,N
IDCJAC0009,070351,2012,04,25,0.4,1,N
IDCJAC0009,070351,2012,04,26,0.0,1,N
IDCJAC0009,070351,2012,04,27,0.0,,N
IDCJAC0009,070351,2012,04,28,0.0,,N
IDCJAC0009,070351,2012,04,29,0.0,,N
IDCJAC0009,070351,2012,04,30,0.0,,N
IDCJAC0009,070351,2012,05,01,0.0,1,N
IDCJAC0009,070351,2012,05,02,0.0,1,N
IDCJAC0009,070351,2012,05,03,1.4,1,N
IDCJAC0009,070351,2012,05,04,0.0,1,N
IDCJAC0009,070351,2012,05,05,0.2,1,N
IDCJAC0009,070351,2012,05,06,0.0,1,N
IDCJAC0009,070351,2012,05,07,0.4,1,N
IDCJAC0009,070351,2012,05,08,0.0,1,N
IDCJAC0009,070351,2012,05,09,0.0,1,N
IDCJAC0009,070351,2012,05,10,0.0,1,N
IDCJAC0009,070351,2012,05,11,0.2,1,N
IDCJAC0009,070351,2012,05,12,0.0,1,N
IDCJAC0009,070351,2012,05,13,0.0,1,N
IDCJAC0009,070351,2012,05,14,0.0,1,N
IDCJAC0009,070351,2012,05,15,0.0,1,N
IDCJAC0009,070351,2012,05,16,0.0,1,N
IDCJAC0009,070351,2012,05,17,0.0,1,N
IDCJAC0009,070351,2012,05,18,0.0,1,N
IDCJAC0009,070351,2012,05,19,0.2,1,N
IDCJAC0009,070351,2012,05,20,0.0,1,N
IDCJAC0009,070351,2012,05,21,0.0,1,N
IDCJAC0009,070351,2012,05,22,0.0,1,N
IDCJAC0009,070351,2012,05,23,0.0,1,N
IDCJAC0009,070351,2012,05,24,0.0,1,N
IDCJAC0009,070351,2012,05,25,16.6,1,N
IDCJAC0009,070351,2012,05,26,1.6,1,N
IDCJAC0009,070351,2012,05,27,0.2,1,N
IDCJAC0009,070351,2012,05,28,0.0,1,N
IDCJAC0009,070351,2012,05,29,0.0,1,N
IDCJAC0009,070351,2012,05,30,0.2,1,N
IDCJAC0009,070351,2012,05,31,0.0,1,N
IDCJAC0009,070351,2012,06,01,0.0,1,N
IDCJAC0009,070351,2012,06,02,1.0,1,N